SearchedWord,Type,ID
allianz health Insurance,Health,3
allianz mediclaim,Health,3
bajaj allianz health,Health,3
bajaj allianz health Insurance,Health,3
bajaj allianz mediclaim,Health,3
bajaj health insurance,Health,3
bajaj health policy,Health,3
bajaj medical insurance,Health,3
bajaj mediclaim,Health,3
allianz care,Health,3
allianz critical illness insurance,Health,3
allianz critical illness plan,Health,3
allianz family care first,Health,3
allianz family floater,Health,3
allianz family health insurance,Health,3
allianz general health insurance,Health,3
allianz health guard plan,Health,3
allianz health insurance calculator,Health,3
allianz health insurance family floater,Health,3
allianz health insurance india,Health,3
allianz health insurance online payment,Health,3
allianz health insurance plan,Health,3
allianz health insurance plans,Health,3
allianz health insurance policy,Health,3
allianz health insurance premium,Health,3
allianz health insurance silver plan,Health,3
allianz health Insurance,Health,3
allianz health policy,Health,3
allianz mediclaim insurance,Health,3
allianz mediclaim policy for family,Health,3
allianz mediclaim policy,Health,3
allianz mediclaim,Health,3
allianz senior citizen health insurance,Health,3
allianz silver health plan,Health,3
allianze health insurance,Health,3
bajaj allainz health insurance,Health,3
bajaj alliance health insurance,Health,3
bajaj alliance health,Health,3
bajaj alliance medical insurance,Health,3
bajaj allianz family care first,Health,3
bajaj allianz family care,Health,3
bajaj allianz family floater health,Health,3
bajaj allianz family floater,Health,3
bajaj allianz family health care gold,Health,3
bajaj allianz group health insurance,Health,3
bajaj allianz health care,Health,3
bajaj allianz health guard gold plan,Health,3
bajaj allianz health guard individual policy,Health,3
bajaj allianz health guard individual,Health,3
bajaj allianz health guard plan,Health,3
bajaj allianz health guard policy,Health,3
bajaj allianz health guard premium calculator,Health,3
bajaj allianz health guard premium,Health,3
bajaj allianz health insurance benefits,Health,3
bajaj allianz health insurance buy,Health,3
bajaj allianz health insurance calculator,Health,3
bajaj allianz health insurance cashless,Health,3
bajaj allianz health insurance company,Health,3
bajaj allianz health insurance for diabetics,Health,3
bajaj allianz health insurance for senior citizens,Health,3
bajaj allianz health insurance online payment,Health,3
bajaj allianz health insurance plans,Health,3
bajaj allianz health insurance policy,Health,3
bajaj allianz health insurance premium calculator,Health,3
bajaj allianz health insurance premium payment,Health,3
bajaj allianz health insurance premium,Health,3
bajaj allianz health insurance top up plan,Health,3
bajaj allianz health Insurance,Health,3
bajaj allianz health policy,Health,3
bajaj allianz health,Health,3
bajaj allianz individual health guard,Health,3
bajaj allianz maternity policy,Health,3
bajaj allianz medical insurance policy,Health,3
bajaj allianz medical insurance premium,Health,3
bajaj allianz medical insurance,Health,3
bajaj allianz medical,Health,3
bajaj allianz mediclaim insurance policy,Health,3
bajaj allianz mediclaim insurance,Health,3
bajaj allianz mediclaim premium calculator,Health,3
bajaj allianz mediclaim premium,Health,3
bajaj allianz mediclaim,Health,3
bajaj allianz senior citizen health insurance,Health,3
bajaj allianz silver health insurance,Health,3
bajaj allianz silver health plan,Health,3
bajaj allianz silver health,Health,3
bajaj allianz super top up health insurance,Health,3
bajaj allianz super top up,Health,3
bajaj allianz top up plan,Health,3
bajaj family health insurance,Health,3
bajaj health and wellness,Health,3
bajaj health guard,Health,3
bajaj health insurance calculator,Health,3
bajaj health insurance for senior citizens,Health,3
bajaj health insurance online payment,Health,3
bajaj health insurance plan,Health,3
bajaj health insurance plans,Health,3
bajaj health insurance premium calculator,Health,3
bajaj health insurance premium,Health,3
bajaj health insurance,Health,3
bajaj health insurence,Health,3
bajaj health plans,Health,3
bajaj health policy,Health,3
bajaj heath insurance,Health,3
bajaj helth insurance,Health,3
bajaj insurance health,Health,3
bajaj medical insurance plans,Health,3
bajaj medical insurance policy,Health,3
bajaj medical insurance,Health,3
bajaj medical policy,Health,3
bajaj mediclaim insurance policy,Health,3
bajaj mediclaim plan,Health,3
bajaj mediclaim,Health,3
bajaj senior citizen health insurance,Health,3
bajaj silver health,Health,3
bajajallianz health insurance,Health,3
buy allianz health insurance,Health,3
health bajajallianz co in,Health,3
health care supreme bajaj,Health,3
health insurance bajaj,Health,3
medical insurance bajaj,Health,3
 lakh health insurance,Health,3
affordable care health insurance,Health,3
affordable individual health insurance plans,Health,3
allianz family health insurance,Health,3
allianz group health insurance,Health,3
allianz health insurance cashless,Health,3
allianz health insurance india,Health,3
apply for affordable health insurance,Health,3
baby health insurance plans,Health,3
bajaj alianz health,Health,3
bajaj alliance health insurance,Health,3
bajaj alliance health,Health,3
bajaj allianz corporate health insurance,Health,3
bajaj allianz extra care plus,Health,3
bajaj allianz family care first,Health,3
bajaj allianz family floater health guard premium,Health,3
bajaj allianz family floater health guard,Health,3
bajaj allianz family floater health,Health,3
bajaj allianz family floater,Health,3
bajaj allianz family health care gold,Health,3
bajaj allianz general health insurance,Health,3
bajaj allianz general insurance health guard,Health,3
bajaj allianz group health insurance,Health,3
bajaj allianz health care,Health,3
bajaj allianz health ensure policy,Health,3
bajaj allianz health ensure,Health,3
bajaj allianz health guard floater policy,Health,3
bajaj allianz health guard gold plan,Health,3
bajaj allianz health guard individual policy,Health,3
bajaj allianz health guard individual,Health,3
bajaj allianz health guard plan,Health,3
bajaj allianz health guard policy,Health,3
bajaj allianz health guard premium calculator,Health,3
bajaj allianz health guard premium,Health,3
bajaj allianz health guard,Health,3
bajaj allianz health insurance buy,Health,3
bajaj allianz health insurance calculator,Health,3
bajaj allianz health insurance cashless,Health,3
bajaj allianz health insurance company,Health,3
bajaj allianz health insurance coverage,Health,3
bajaj allianz health insurance extra care plus,Health,3
bajaj allianz health insurance family floater,Health,3
bajaj allianz health insurance for diabetics,Health,3
bajaj allianz health insurance for parents,Health,3
bajaj allianz health insurance for senior citizens,Health,3
bajaj allianz health insurance network hospital,Health,3
bajaj allianz health insurance online payment,Health,3
bajaj allianz health insurance online,Health,3
bajaj allianz health insurance payment,Health,3
bajaj allianz health insurance plan,Health,3
bajaj allianz health insurance plans for family,Health,3
bajaj allianz health insurance plans,Health,3
bajaj allianz health insurance policy,Health,3
bajaj allianz health insurance premium calculator,Health,3
bajaj allianz health insurance premium payment,Health,3
bajaj allianz health insurance premium,Health,3
bajaj allianz health insurance silver plan,Health,3
bajaj allianz health insurance top up plan,Health,3
bajaj allianz health insurance top up,Health,3
bajaj allianz health insurance,Health,3
bajaj allianz health policy,Health,3
bajaj allianz health,Health,3
bajaj allianz individual health guard,Health,3
bajaj allianz international health insurance,Health,3
bajaj allianz medical insurance plans,Health,3
bajaj allianz medical insurance policy,Health,3
bajaj allianz medical insurance premium,Health,3
bajaj allianz medical insurance,Health,3
bajaj allianz medical policy,Health,3
bajaj allianz medical,Health,3
bajaj allianz mediclaim form,Health,3
bajaj allianz mediclaim insurance policy,Health,3
bajaj allianz mediclaim policy,Health,3
bajaj allianz mediclaim premium calculator,Health,3
bajaj allianz mediclaim,Health,3
bajaj allianz silver health insurance,Health,3
bajaj allianz silver health plan for senior citizens,Health,3
bajaj allianz silver health plan,Health,3
bajaj allianz silver health,Health,3
bajaj allianz super top up health insurance,Health,3
bajaj allianz super top up,Health,3
bajaj allianz top up health insurance,Health,3
bajaj allianz top up plan,Health,3
bajaj family health insurance,Health,3
bajaj health guard policy,Health,3
bajaj health insurance calculator,Health,3
bajaj health insurance for senior citizens,Health,3
bajaj health insurance plan,Health,3
bajaj health insurance plans for family,Health,3
bajaj health insurance plans,Health,3
bajaj health insurance policy,Health,3
bajaj health insurance premium calculator,Health,3
bajaj health insurance premium,Health,3
bajaj health insurance top up,Health,3
bajaj health insurance,Health,3
bajaj health insurence,Health,3
bajaj health plans,Health,3
bajaj health policy,Health,3
bajaj helth,Health,3
bajaj insurance health,Health,3
bajaj medical insurance plans,Health,3
bajaj medical insurance policy,Health,3
bajaj medical insurance,Health,3
bajaj medical policy,Health,3
bajaj mediclaim insurance policy,Health,3
bajaj mediclaim insurance,Health,3
bajaj mediclaim plan,Health,3
bajaj mediclaim policy,Health,3
bajaj mediclaim premium,Health,3
bajaj senior citizen health insurance,Health,3
bajaj silver health,Health,3
bajaj super top up,Health,3
best cancer health insurance plan,Health,3
best cheap health insurance plans,Health,3
best couples health insurance,Health,3
best deal on health insurance,Health,3
best family plan health insurance,Health,3
best health care insurance,Health,3
best health insurance cover,Health,3
best health insurance family floater,Health,3
best health insurance family,Health,3
best health insurance for children,Health,3
best health insurance for newborn,Health,3
best health insurance plan for married couple,Health,3
best health insurance plan for me,Health,3
best health insurance plan for young adults,Health,3
best health insurance policy in bangalore,Health,3
best health insurance policy in kerala,Health,3
best health plan for senior citizens,Health,3
best health plans for senior citizens,Health,3
best insurance plan for maternity,Health,3
best insurance policy for maternity,Health,3
best maternity coverage health insurance,Health,3
best medical insurance with opd cover,Health,3
best mediclaim policy company,Health,3
best mediclaim policy with opd coverage,Health,3
best personal health insurance plans,Health,3
best place to buy health insurance online,Health,3
best private health insurance plans for families,Health,3
best senior health insurance,Health,3
best super top up health insurance plans,Health,3
best super top up health insurance,Health,3
best super top up plan,Health,3
best top up health insurance,Health,3
buy best health insurance,Health,3
buy health insurance online now,Health,3
buy top up health insurance,Health,3
buying cheap health insurance,Health,3
cancer health policy,Health,3
cancer mediclaim policy,Health,3
cardiac care health insurance,Health,3
cashless health insurance in kerala,Health,3
cheap and good health insurance,Health,3
cheap family health insurance,Health,3
cheap health insurance for family,Health,3
cheap health insurance for senior citizens,Health,3
cheap health insurance quotes,Health,3
cheap health insurance rates,Health,3
cheapest health insurance for senior citizens,Health,3
check up without health insurance,Health,3
college health insurance plans,Health,3
complete family health insurance,Health,3
comprehensive health insurance plan,Health,3
critical care health insurance,Health,3
dental and health insurance quotes,Health,3
emergency health insurance coverage,Health,3
enroll health insurance,Health,3
extra care plus bajaj allianz,Health,3
extra care plus policy,Health,3
family health insurance cover,Health,3
family health insurance plans with maternity,Health,3
family health insurance premiums,Health,3
family health insurance price,Health,3
family health insurance quotes,Health,3
family health policy plans,Health,3
floater health insurance policy,Health,3
full body checkup insurance,Health,3
full body checkup star health insurance,Health,3
full coverage family health insurance,Health,3
full coverage health insurance,Health,3
general health insurance policy,Health,3
get health insurance online now,Health,3
get health insurance quote online,Health,3
great health insurance plans,Health,3
hdfc ergo health check up,Health,3
hdfc ergo opd cover,Health,3
hdfc ergo optima restore health checkup,Health,3
health bajajallianz co in,Health,3
health care insurance for seniors,Health,3
health care insurance near me,Health,3
health care supreme bajaj,Health,3
health checkup for health insurance,Health,3
health checkup insurance,Health,3
health coverage for all,Health,3
health ensure bajaj allianz,Health,3
health guard bajaj allianz,Health,3
health insurance accident,Health,3
health insurance bajaj allianz,Health,3
health insurance child,Health,3
health insurance comprehensive,Health,3
health insurance couple,Health,3
health insurance cover opd charges,Health,3
health insurance cover physiotherapy,Health,3
health insurance coverage for cancer patients,Health,3
health insurance fertility coverage,Health,3
health insurance floater policy,Health,3
health insurance for 18 year old,Health,3
health insurance for 3 months,Health,3
health insurance for 6 months,Health,3
health insurance for a baby,Health,3
health insurance for accidents,Health,3
health insurance for babies,Health,3
health insurance for baby,Health,3
health insurance for dependent parents,Health,3
health insurance for disabled,Health,3
health insurance for family of 4,Health,3
health insurance for kidney patients,Health,3
health insurance for mother and child,Health,3
health insurance for mother,Health,3
health insurance for newborn babies,Health,3
health insurance for one month,Health,3
health insurance for one person,Health,3
health insurance for single parent,Health,3
health insurance for spouse,Health,3
health insurance for unemployed person,Health,3
health insurance for women,Health,3
health insurance full body checkup,Health,3
health insurance in pregnancy,Health,3
health insurance in pune,Health,3
health insurance in tamil nadu,Health,3
health insurance instant coverage,Health,3
health insurance monthly plan,Health,3
health insurance on line,Health,3
health insurance online application,Health,3
health insurance per month one person,Health,3
health insurance plan for child,Health,3
health insurance plan for families,Health,3
health insurance plan for pregnancy,Health,3
health insurance plan prices,Health,3
health insurance plan quotes,Health,3
health insurance plan with opd cover,Health,3
health insurance plan year,Health,3
health insurance plans bajaj allianz,Health,3
health insurance plans for 18 year olds,Health,3
health insurance plans for employees,Health,3
health insurance policy plans,Health,3
health insurance policy with opd cover,Health,3
health insurance quotation,Health,3
health insurance quote online,Health,3
health insurance ranchi,Health,3
health insurance registration form,Health,3
health insurance schemes in kerala,Health,3
health insurance that covers opd,Health,3
health insurance treatment,Health,3
health insurance which covers opd expenses,Health,3
health insurance with annual health checkup,Health,3
health insurance with maternity cover,Health,3
health insurance yearly,Health,3
health insurence policy,Health,3
health medisure super top up,Health,3
health plus health insurance,Health,3
health policy plan,Health,3
health policy with opd cover,Health,3
health super top up plan,Health,3
health top up plan,Health,3
hospital cash insurance policy,Health,3
hospital cash plan,Health,3
icici lombard health check up,Health,3
icici lombard health insurance medical check up,Health,3
icici lombard health insurance opd coverage,Health,3
icici lombard opd cover,Health,3
insurance annual checkup,Health,3
insurance cover medical check up,Health,3
insurance for expecting mothers,Health,3
kids health insurance plans,Health,3
lowest premium health insurance,Health,3
lowest price for health insurance,Health,3
manipalcigna free health checkup,Health,3
maternity care health insurance,Health,3
maternity cover health insurance,Health,3
maternity insurance policy,Health,3
max bupa opd cover,Health,3
medical check up insurance,Health,3
medical health checkup 80d,Health,3
medical insurance bajaj allianz,Health,3
medical insurance bajaj,Health,3
medical insurance that covers opd expenses,Health,3
medical insurance top up policy,Health,3
medical insurance with opd cover,Health,3
medical policy with opd coverage,Health,3
medical top up plan,Health,3
mediclaim policy bajaj allianz,Health,3
mediclaim policy with opd coverage,Health,3
mediclaim pregnancy,Health,3
mediclaim top up plan,Health,3
mediclaim with opd cover,Health,3
minimum coverage health insurance,Health,3
minimum premium health insurance,Health,3
monthly health insurance,Health,3
monthly payment for health insurance,Health,3
new health insurance card,Health,3
new health policy,Health,3
opd benefit in health insurance,Health,3
opd charges covered in health insurance,Health,3
opd cover health insurance,Health,3
opd cover in star health insurance,Health,3
opd cover insurance,Health,3
opd expenses health insurance,Health,3
opd insurance cover,Health,3
opd insurance plans,Health,3
opd treatment insurance,Health,3
personal accident health insurance,Health,3
personal health insurance plan,Health,3
personal health insurance policies,Health,3
plans health insurance,Health,3
pregnancy cover health insurance policy,Health,3
pregnancy cover health insurance,Health,3
preventive health check up 80d,Health,3
preventive medical check up 80d,Health,3
private health insurance for cancer patients,Health,3
private health insurance for seniors,Health,3
private health insurance for singles,Health,3
self employed family health insurance,Health,3
senior citizen top up health insurance,Health,3
senior health insurance plan,Health,3
short term health insurance policies,Health,3
single person health insurance,Health,3
star health check up,Health,3
star health free check up,Health,3
star health free health check up,Health,3
star health insurance free health check up,Health,3
star health insurance full body checkup,Health,3
star health insurance medical check up,Health,3
star health insurance opd coverage,Health,3
star health medical check up,Health,3
star health term plan,Health,3
super top up for senior citizens,Health,3
super top up health insurance for senior citizens,Health,3
super top up health insurance,Health,3
super top up health policy,Health,3
super top up insurance,Health,3
super top up medical insurance,Health,3
super top up mediclaim,Health,3
super top up plans premium chart,Health,3
super top up policy,Health,3
tata aig health checkup,Health,3
the best and cheapest health insurance,Health,3
the best health insurance for pregnancy,Health,3
the children's health insurance program,Health,3
top 5 health insurance policy,Health,3
top best health insurance,Health,3
top cover health insurance,Health,3
top health insurance plans for family,Health,3
top up and super top up,Health,3
top up cover health insurance,Health,3
top up health insurance for senior citizens,Health,3
top up health insurance policy,Health,3
top up health insurance,Health,3
top up health policy,Health,3
top up in health insurance,Health,3
top up in medical insurance,Health,3
top up insurance plans,Health,3
top up insurance policy,Health,3
top up medical insurance plan,Health,3
top up medical insurance,Health,3
top up mediclaim,Health,3
women's health insurance plans,Health,3
www bajaj allianz health insurance,Health,3
yearly health insurance plans,Health,3
80d medical insurance,Health,3
affordable care health insurance,Health,3
affordable health insurance,Health,3
affordable health insurance in india,Health,3
affordable health plans,Health,3
apply for affordable health insurance,Health,3
apply health insurance online,Health,3
baby health insurance first 30 days,Health,3
baby health insurance plans,Health,3
best cancer insurance plans,Health,3
best cashless health insurance,Health,3
best cashless health insurance company in india,Health,3
best cashless mediclaim policy for family in india,Health,3
best cheap health insurance,Health,3
best deal on health insurance,Health,3
best family health insurance plans in india,Health,3
best family insurance policy,Health,3
best family medical insurance,Health,3
best health insurance companies in india,Health,3
best health insurance company,Health,3
best health insurance company in kolkata,Health,3
best health insurance for family in india,Health,3
best health insurance for my parents,Health,3
best health insurance for parents,Health,3
best health insurance in chennai,Health,3
best health insurance in india for family,Health,3
best health insurance in india for parents,Health,3
best health insurance in kerala,Health,3
best health insurance individual plans,Health,3
best health insurance plan with maternity coverage,Health,3
best health insurance plans,Health,3
best health insurance plans for parents,Health,3
best health insurance plans for parents in india,Health,3
best health insurance plans in india,Health,3
best health insurance policies,Health,3
best health insurance policy,Health,3
best health insurance policy for family,Health,3
best health insurance policy for parents,Health,3
best health insurance policy for parents in india,Health,3
best health insurance policy in india,Health,3
best health insurance providers,Health,3
best health insurance to buy,Health,3
best health policy,Health,3
best health policy for family,Health,3
best health policy for parents in india,Health,3
best helth insurance,Health,3
best insurance plans in india,Health,3
best insurance policy for parents,Health,3
best maternity plan health insurance,Health,3
best medical insurance,Health,3
best medical insurance for family,Health,3
best medical insurance in india,Health,3
best medical policy for family,Health,3
best medical policy for parents,Health,3
best mediclaim company in india,Health,3
best mediclaim plans,Health,3
best mediclaim policy for family,Health,3
best mediclaim policy for family in india,Health,3
best mediclaim policy for parents,Health,3
best mediclaim policy in india,Health,3
best personal medical insurance plans,Health,3
best place to buy health insurance online,Health,3
best premium health insurance,Health,3
buy best health insurance,Health,3
buy health insurance,Health,3
buy health insurance for family,Health,3
buy health insurance for parents,Health,3
buy health insurance for parents in india,Health,3
buy health insurance in india,Health,3
buy health insurance online coverage starting today,Health,3
buy health insurance online now,Health,3
buy health insurance policy,Health,3
buy health insurance policy online,Health,3
buy health policy online,Health,3
buy individual health insurance,Health,3
buy medical insurance online india,Health,3
buy medical insurance plans,Health,3
buy medical policy online,Health,3
buy mediclaim insurance online,Health,3
buy mediclaim policy,Health,3
buy mediclaim policy online,Health,3
buy online health insurance india,Health,3
buy online health insurance policy,Health,3
buy online medical insurance,Health,3
buy personal health insurance,Health,3
buy top up health insurance,Health,3
buying cheap health insurance,Health,3
cancer cover insurance,Health,3
cancer cover policy,Health,3
cancer insurance india,Health,3
cancer insurance policy,Health,3
cancer patient health insurance,Health,3
cardiac care health insurance,Health,3
cashless health insurance,Health,3
cashless health insurance plans,Health,3
cashless medical insurance,Health,3
cashless medical policy,Health,3
cheap health insurance,Health,3
cheap health insurance quotes,Health,3
cheapest family health insurance,Health,3
cheapest health insurance in india,Health,3
cheapest medical insurance,Health,3
child health insurance india,Health,3
child health policy,Health,3
child medical insurance,Health,3
child only medical insurance,Health,3
compare health insurance companies,Health,3
compare health insurance online,Health,3
compare health insurance plans,Health,3
compare health insurance plans online,Health,3
comparison health insurance policies india,Health,3
comprehensive medical insurance,Health,3
critical illness insurance,Health,3
family floater health insurance policy,Health,3
family floater medical insurance,Health,3
family floater mediclaim,Health,3
family health insurance,Health,3
family health insurance including parents,Health,3
family health insurance plans,Health,3
family health insurance policy,Health,3
family medical insurance quote,Health,3
full family health insurance,Health,3
general health insurance policy,Health,3
get health insurance,Health,3
good medical insurance,Health,3
health and wellness insurance,Health,3
health family floater,Health,3
health guard family floater,Health,3
health insurance,Health,3
health insurance accident,Health,3
health insurance and medical insurance,Health,3
health insurance best plan india,Health,3
health insurance best plans,Health,3
health insurance best rates,Health,3
health insurance calculator,Health,3
health insurance companies,Health,3
health insurance companies comparison,Health,3
health insurance compare,Health,3
health insurance comparison,Health,3
health insurance couple,Health,3
health insurance cover physiotherapy,Health,3
health insurance cover pregnancy india,Health,3
health insurance coverage,Health,3
health insurance coverage for cancer patients,Health,3
health insurance coverage with maternity,Health,3
health insurance family,Health,3
health insurance fertility coverage,Health,3
health insurance for a baby,Health,3
health insurance for children,Health,3
health insurance for kidney patients,Health,3
health insurance for one month,Health,3
health insurance for parents,Health,3
health insurance for parents above 60,Health,3
health insurance for parents above 60 in india,Health,3
health insurance for parents in india,Health,3
health insurance for senior citizens,Health,3
health insurance in india,Health,3
health insurance india,Health,3
health insurance monthly premium,Health,3
health insurance no waiting period,Health,3
health insurance on emi,Health,3
health insurance on line,Health,3
health insurance online,Health,3
health insurance online apply,Health,3
health insurance plan for child,Health,3
health insurance plan for parents,Health,3
health insurance plan prices,Health,3
health insurance plan quotes,Health,3
health insurance plans,Health,3
health insurance plans for employees,Health,3
health insurance plans for family,Health,3
health insurance plans in india,Health,3
health insurance plans premium,Health,3
health insurance plus,Health,3
health insurance policies in india,Health,3
health insurance policy,Health,3
health insurance policy for maternity,Health,3
health insurance policy for parents,Health,3
health insurance policy for senior citizens,Health,3
health insurance policy plans,Health,3
health insurance policy with maternity benefits,Health,3
health insurance premiums,Health,3
health insurance scheme,Health,3
health insurance that covers pregnancy,Health,3
health insurance top up plan,Health,3
health insurance treatment,Health,3
health insurance with maternity cover,Health,3
health insurance with opd,Health,3
health insurance yearly cost,Health,3
health insurence policy,Health,3
health plans,Health,3
health policies in india,Health,3
health policy,Health,3
health policy and planning,Health,3
health policy for parents,Health,3
health policy in india,Health,3
health policy online,Health,3
health policy premium,Health,3
healthy kids insurance,Health,3
india best health insurance company,Health,3
individual health insurance,Health,3
individual health insurances,Health,3
infant health insurance,Health,3
insurance for pre existing medical conditions,Health,3
insurance for pregnancy in india,Health,3
insurance for pregnant women,Health,3
insurance health plans,Health,3
insurance health policy india,Health,3
insurance of health,Health,3
insurance with medical conditions,Health,3
kids health insurance,Health,3
low price medical insurance,Health,3
lowest health insurance,Health,3
maternity coverage insurance,Health,3
maternity health insurance plans,Health,3
maternity insurance coverage,Health,3
maternity insurance plans,Health,3
maternity medical insurance,Health,3
maternity mediclaim,Health,3
maternity mediclaim policy,Health,3
medical claim policy,Health,3
medical family plan,Health,3
medical health insurance,Health,3
medical health insurance for senior citizens,Health,3
medical health insurance plan,Health,3
medical health insurance plans,Health,3
medical health insurance plans in india,Health,3
medical health insurance policy,Health,3
medical insurance,Health,3
medical insurance best,Health,3
medical insurance check,Health,3
medical insurance companies,Health,3
medical insurance cover,Health,3
medical insurance coverage,Health,3
medical insurance for child,Health,3
medical insurance for family,Health,3
medical insurance india,Health,3
medical insurance india for family,Health,3
medical insurance kerala,Health,3
medical insurance online,Health,3
medical insurance online india,Health,3
medical insurance plan for family,Health,3
medical insurance plans,Health,3
medical insurance policy plans,Health,3
medical insurance pre existing,Health,3
medical policies in india,Health,3
medical policy,Health,3
medical policy for family,Health,3
mediclaim company,Health,3
mediclaim for family,Health,3
mediclaim for parents,Health,3
mediclaim health insurance,Health,3
mediclaim in india,Health,3
mediclaim insurance,Health,3
mediclaim insurance policy,Health,3
mediclaim online,Health,3
mediclaim plan,Health,3
mediclaim plan for family,Health,3
mediclaim policy,Health,3
mediclaim policy for child,Health,3
mediclaim policy for family,Health,3
mediclaim policy for family in india,Health,3
mediclaim policy in india,Health,3
mediclaim policy premium,Health,3
mediclaim premium,Health,3
mediclaim under 80d,Health,3
new born baby medical insurance,Health,3
new health policy,Health,3
new mediclaim policy,Health,3
newborn medical insurance,Health,3
online application for health insurance,Health,3
online health insurance,Health,3
online health insurance for family,Health,3
online health insurance plan,Health,3
online health insurance policy,Health,3
online health policy,Health,3
online medical insurance,Health,3
personal accident health insurance,Health,3
personal health insurance,Health,3
personal health insurance india,Health,3
personal health insurance policies,Health,3
personal health insurance quote,Health,3
personal medical insurance,Health,3
plans health insurance,Health,3
pregnancy insurance,Health,3
premium comparison of health insurance,Health,3
private health insurance online,Health,3
private health insurance price,Health,3
senior citizen insurance plan,Health,3
single health insurance plans,Health,3
the best health insurance,Health,3
the best health insurance policy in india,Health,3
top 10 health insurance plans in india,Health,3
top 5 health insurance companies in india,Health,3
top best health insurance,Health,3
top cover health insurance,Health,3
top health insurance policies in india,Health,3
top medical insurance plans,Health,3
top up health insurance policy,Health,3
types of health insurance,Health,3
which is best mediclaim policy for family,Health,3
which is the best health insurance,Health,3
which is the best health insurance company in india,Health,3
yearly health insurance plans,Health,3
