,SearchedWord,Type,ID
0,bike insurance check online,2W,0
1,bike insurance,2W,0
2,online two wheeler insurance,2W,0
3,two wheeler bike insurance,2W,0
4,cheapest bike insurance,2W,0
5,online insurance bike,2W,0
6,insurance bike,2W,0
7,online bike insurance,2W,0
8,bike insurance online,2W,0
9,best bike insurance online,2W,0
10,bike insurance price list,2W,0
11,new bike insurance,2W,0
12,insurance two wheeler,2W,0
13,two wheeler insurance,2W,0
14,[bajaj allianz two wheeler insurance],2W,0
15,two wheeler insurance online,2W,0
16,two wheeler insurance quotes online,2W,0
17,[bajaj allianz bike insurance],2W,0
18,[bike insurance kaise kare online],2W,0
19,insurance of bike,2W,0
20,"""bajaj allianz 2 wheeler insurance""",2W,0
21,bike online insurance,2W,0
22,best bike insurance,2W,0
23,2w insurance,2W,0
24,buy two wheeler policy online,2W,0
25,[bajaj bike insurance],2W,0
26,zero dep insurance for bike,2W,0
27,[bajaj two wheeler insurance],2W,0
28,online insurance of bike,2W,0
29,buy two wheeler insurance,2W,0
30,bike bima,2W,0
31,buy bike insurance online,2W,0
32,bike insurance near me,2W,0
33,bike insurance compare,2W,0
34,vehicle insurance two wheeler,2W,0
35,"""bajaj insurance bike""",2W,0
36,buy bike policy online,2W,0
37,"""2 wheeler insurance bajaj""",2W,0
38,[bajaj insurance bike],2W,0
39,3 year bike insurance price,2W,0
40,best two wheeler insurance,2W,0
41,online two vehicle insurance,2W,0
42,[bike insurance kaise check kare],2W,0
43,best bike insurance policy,2W,0
44,"""bajaj allianz bike insurance""",2W,0
45,[2 wheeler insurance bajaj allianz],2W,0
46,[activa insurance],2W,0
47,bike insurance calculator,2W,0
48,insurance companies for bikes,2W,0
49,bike policy online,2W,0
50,bike policy,2W,0
51,bike insurance buy,2W,0
52,[bike ka insurance kaise check kare],2W,0
53,[hero motocorp bike insurance],2W,0
54,[1 year bike insurance price],2W,0
55,buy two wheeler insurance online,2W,0
56,online two wheeler insurance policy,2W,0
57,cheap bike insurance online,2W,0
58,[bike ka insurance kaise kare],2W,0
59,old bike insurance,2W,0
60,[bajaj allianz 2 wheeler insurance],2W,0
61,insurance policy for bike online,2W,0
62,[royal enfield insurance],2W,0
63,[bajaj allianz motorcycle insurance],2W,0
64,[honda activa insurance cost],2W,0
65,[online bike insurance kaise kare],2W,0
66,[bajaj 2 wheeler insurance],2W,0
67,online insurance for bike,2W,0
68,online policy for two wheeler,2W,0
69,[bajaj two wheeler policy],2W,0
70,[activa insurance online],2W,0
71,price for bike insurance,2W,0
72,bike insurance quote online,2W,0
73,[online bike kaise kharide],2W,0
74,bike insurance kaise kare,2W,0
75,[honda activa insurance],2W,0
76,[bajaj bike insurance online],2W,0
77,online bike insurance company,2W,0
78,zero dep bike insurance,2W,0
79,"""bajaj bike insurance""",2W,0
80,[bike insurance kaise karen],2W,0
81,[royal enfield classic 350 insurance price],2W,0
82,[bike ka insurance kaise karen],2W,0
83,apply for bike insurance online,2W,0
84,[bike insurance check kaise kare],2W,0
85,[royal enfield classic 350 insurance],2W,0
86,vehicle insurance two wheeler online,2W,0
87,"""bajaj motorcycle insurance""",2W,0
88,two wheeler insurance comparison,2W,0
89,[bike ka online insurance kaise kare],2W,0
90,[two wheeler insurance online kaise kare],2W,0
91,[bajaj motorcycle insurance],2W,0
92,bike insurance quotation,2W,0
93,two wheeler insurance lowest price,2W,0
94,new bike insurance online,2W,0
95,insurance policy two wheeler online,2W,0
96,[splendor bike insurance],2W,0
97,[bike ka insurance kaise check karen],2W,0
98,[activa scooty insurance],2W,0
99,[bike insurance bajaj allianz],2W,0
100,two wheeler insurance policy,2W,0
101,cheapest two wheeler insurance online,2W,0
102,bike insurance online calculator,2W,0
103,best two wheeler insurance in india,2W,0
104,two wheeler bima,2W,0
105,bike insurance lowest price,2W,0
106,[bike insurance kaise nikale],2W,0
107,[activa 5g insurance],2W,0
108,0 depth bike insurance,2W,0
109,"""bajaj insurance for bike""",2W,0
110,[bike insurance kaise],2W,0
111,[apni bike ka insurance kaise check kare],2W,0
112,two wheeler insurance near me,2W,0
113,buy two wheeler policy,2W,0
114,[insurance bike ka kaise kare],2W,0
115,buy online two wheeler insurance policy,2W,0
116,[splendor insurance],2W,0
117,two wheeler insurance calculator india,2W,0
118,[bike ka bima kaise check kare],2W,0
119,[honda bike insurance],2W,0
120,bike insurance 0 depreciation,2W,0
121,"""bajaj two wheeler policy""",2W,0
122,bike insurance 1 year,2W,0
123,[honda dio insurance],2W,0
124,online bike insurance price,2W,0
125,[scooty ka insurance kaise kare],2W,0
126,"""bajaj two wheeler insurance""",2W,0
127,[yamaha bike insurance],2W,0
128,[scooter insurance kaise kare],2W,0
129,new bike insurance policy,2W,0
130,two wheeler vehicle insurance policy,2W,0
131,[royal enfield bullet 350 insurance],2W,0
132,[bike insurance kaise check karen],2W,0
133,[bike insurance online bajaj],2W,0
134,two wheeler insurance for expired policy,2W,0
135,[baik insurans kaise kare],2W,0
136,bike insurance premium calculator,2W,0
137,[bike insurance kaise karte hain],2W,0
138,cheap and best bike insurance,2W,0
139,[bajaj pulsar insurance],2W,0
140,[bike ka insurance online kaise kare],2W,0
141,"""insurance bike bajaj""",2W,0
142,[bajaj allianz two wheeler insurance price],2W,0
143,[motorcycle ka insurance kaise check karen],2W,0
144,[apni bike ka insurance kaise check karen],2W,0
145,[bike ka insurance renew kaise kare],2W,0
146,[honda 2 wheeler insurance],2W,0
147,[bike ka bima kaise kare],2W,0
148,0 dep bike insurance,2W,0
149,[access 125 insurance],2W,0
150,bike insurance for 5 years,2W,0
151,[bajaj allianz two wheeler policy],2W,0
152,[hf deluxe bike insurance],2W,0
153,bike insurance 3 years,2W,0
154,[two wheeler activa insurance],2W,0
155,[hero bike insurance],2W,0
156,[honda shine insurance price],2W,0
157,policy for two wheeler,2W,0
158,buy new bike insurance online,2W,0
159,"""bike insurance bajaj allianz""",2W,0
160,"""bike insurance online bajaj allianz""",2W,0
161,[bajaj allianz two wheeler],2W,0
162,[hero splendor plus insurance],2W,0
163,[yamaha r15 insurance],2W,0
164,[hero super splendor insurance],2W,0
165,[honda bike insurance online],2W,0
166,best insurance policy for two wheeler,2W,0
167,[online bike insurance kaise karen],2W,0
168,"""bajaj allianz general insurance bike""",2W,0
169,two wheeler insurance online cheapest,2W,0
170,[bike insurance kaise hota hai],2W,0
171,[ktm motorbike insurance],2W,0
172,[bajaj alliance bike insurance],2W,0
173,[bike ka insurance kaise nikale online],2W,0
174,[motorcycle insurance online kaise kare],2W,0
175,[pulsar bike insurance],2W,0
176,buy new insurance for bike,2W,0
177,[best insurance for activa],2W,0
178,two wheeler third party,2W,0
179,[passion pro bike insurance],2W,0
180,[splendor plus insurance],2W,0
181,"""bajaj bike insurance online""",2W,0
182,[yamaha r15 insurance price],2W,0
183,[scooty ka insurance kaise check kare],2W,0
184,lowest premium bike insurance,2W,0
185,[suzuki access 125 insurance price],2W,0
186,[bike ka insurance kaise],2W,0
187,[hf deluxe insurance],2W,0
188,[bike insurance renew kaise kare online],2W,0
189,[motorcycle ka insurance kaise kare],2W,0
190,[pulsar 150 bike insurance],2W,0
191,[hero splendor insurance],2W,0
192,[bajaj two wheeler insurance online],2W,0
193,[apni bike ka insurance kaise karen],2W,0
194,pay two wheeler insurance online,2W,0
195,[bike ka insurance kaise pata karen],2W,0
196,cashless insurance for bike,2W,0
197,[bike ka insurance hai ki nahi kaise pata kare],2W,0
198,two wheeler insurance premium calculator,2W,0
199,[motorcycle ka bima kaise karen],2W,0
200,"""two wheeler insurance online bajaj allianz""",2W,0
201,[glamour bike insurance],2W,0
202,[suzuki access insurance],2W,0
203,[yamaha fascino insurance],2W,0
204,[two wheeler insurance kaise check kare],2W,0
205,[bajaj platina insurance],2W,0
206,[activa 3g insurance],2W,0
207,[online bike insurance kaise check karen],2W,0
208,two wheeler vehicle insurance calculator,2W,0
209,two wheeler insurance for new vehicle,2W,0
210,[bike ka insurance kaise bhare],2W,0
211,[two wheeler insurance kaise kare],2W,0
212,"""bajaj allianz bike insurance policy""",2W,0
213,[hero passion pro insurance price],2W,0
214,[tvs apache insurance],2W,0
215,[honda activa 3g insurance],2W,0
216,[hero passion pro insurance],2W,0
217,two wheeler insurance calculator,2W,0
218,[bike ka insurance kaise pata kare],2W,0
219,two wheeler insurance rate,2W,0
220,[online 2 wheeler insurance kaise kare],2W,0
221,[hero glamour insurance],2W,0
222,[unicorn bike insurance],2W,0
223,[activa insurance policy],2W,0
224,[bike ka insurance kaise banaen],2W,0
225,[apni bike ka insurance kaise kare],2W,0
226,[bike ka bima kaise karen],2W,0
227,[apache bike insurance],2W,0
228,[two wheeler ka insurance kaise karen],2W,0
229,[bike ensures kaise kare],2W,0
230,[honda cb shine insurance],2W,0
231,[hero hf deluxe insurance],2W,0
232,[bajaj allianz 2 wheeler policy],2W,0
233,two wheeler insurance cost,2W,0
234,two wheeler insurance amount,2W,0
235,[honda shine insurance],2W,0
236,"""bajaj motorbike insurance""",2W,0
237,[honda unicorn insurance price],2W,0
238,[hero maestro insurance],2W,0
239,best two wheeler vehicle insurance,2W,0
240,[bike insurance online bajaj allianz],2W,0
241,[two wheeler ka insurance kaise kare],2W,0
242,cheapest two wheeler insurance policy,2W,0
243,[online bima kaise check karen],2W,0
244,[online bike ka insurance kaise karen],2W,0
245,"""bajaj allianz two wheeler policy""",2W,0
246,cheapest bike insurance company,2W,0
247,two wheeler bike insurance third party,2W,0
248,[2 wheeler ka insurance kaise kare],2W,0
249,[yamaha insurance],2W,0
250,best bike insurance plan,2W,0
251,[suzuki bike insurance],2W,0
252,[honda aviator insurance],2W,0
253,"""bajaj insurance two wheeler""",2W,0
254,[honda activa 5g insurance],2W,0
255,[bajaj ct 100 insurance],2W,0
256,[insurance for honda bike],2W,0
257,[hero duet insurance],2W,0
258,"""two wheeler insurance online bajaj""",2W,0
259,[royal enfield classic 500 insurance price],2W,0
260,"""bajajallianz two wheeler insurance""",2W,0
261,[bike ka insurance kaise check kare online],2W,0
262,[yamaha fz insurance],2W,0
263,[bajaj allianz general insurance two wheeler],2W,0
264,[hero pleasure insurance],2W,0
265,[maestro scooty insurance],2W,0
266,[insurance for activa],2W,0
267,[bike ka insurance kaise karte hain],2W,0
268,[two wheeler ka insurance kaise check kare],2W,0
269,[online two wheeler insurance kaise kare],2W,0
270,[honda activa insurance policy],2W,0
271,two wheeler insurance online for old vehicle,2W,0
272,[bike insurance kaise kare online first party],2W,0
273,[activa ka insurance kaise kare],2W,0
274,[scooty ka insurance kaise karen],2W,0
275,[tvs bike insurance],2W,0
276,[insurance bike bajaj],2W,0
277,"""bajaj allianz two wheeler vehicle insurance""",2W,0
278,[bike ka insurance kaise karwaye],2W,0
279,[bajaj avenger insurance],2W,0
280,long term two wheeler insurance,2W,0
281,best policy for two wheeler,2W,0
282,[bajaj allianz two wheeler insurance policy],2W,0
283,bike insurance price third party,2W,0
284,[vespa insurance],2W,0
285,[avenger bike insurance],2W,0
286,[two wheeler insurance online bajaj allianz],2W,0
287,[honda activa insurance premium calculator],2W,0
288,[motorcycle ka insurance kaise karen],2W,0
289,"""bajaj allianz two wheeler insurance online""",2W,0
290,[cb shine insurance price],2W,0
291,compare two wheeler policy,2W,0
292,[vespa scooter insurance],2W,0
293,[super splendor insurance],2W,0
294,[bajaj allianz 2 wheeler],2W,0
295,[motorcycle ka bima kaise check kare],2W,0
296,bike general insurance,2W,0
297,[bike ka insurance kaise banta hai],2W,0
298,[two wheeler insurance kaise karen],2W,0
299,[bajaj insurance 2 wheeler],2W,0
300,[ghar baithe bike ka insurance kaise kare],2W,0
301,[bajaj 2 wheeler insurance online],2W,0
302,[bajaj allianz general insurance bike],2W,0
303,"""bajaj allianz motorcycle insurance""",2W,0
304,[bike ka insurance kaise dekhen],2W,0
305,get two wheeler insurance,2W,0
306,buy two wheeler insurance policy,2W,0
307,[suzuki access 125 insurance],2W,0
308,[two wheeler insurance kaise nikale],2W,0
309,"""bajaj allianz two wheeler insurance policy""",2W,0
310,[bajaj discover insurance],2W,0
311,[old bike ka insurance kaise kare],2W,0
312,[bike ka insurance online kaise karen],2W,0
313,[new bike ka insurance kaise kare],2W,0
314,[motorcycle insurance kaise check karen],2W,0
315,[first party insurance kaise kare],2W,0
316,two wheeler insurance low price,2W,0
317,"""bajaj allianz motor bike insurance""",2W,0
318,two wheeler general insurance,2W,0
319,[bajaj allianz two wheeler vehicle insurance],2W,0
320,[online bike insurance bajaj allianz],2W,0
321,[hero splendor insurance price],2W,0
322,new two wheeler insurance,2W,0
323,"""bajaj allianz two wheeler insurance premium calculator""",2W,0
324,[tata aig two wheeler insurance],2W,0
325,[hdfc ergo bike insurance],2W,0
326,[bajaj allianz bike insurance policy],2W,0
327,"""bajaj allianz general insurance two wheeler""",2W,0
328,[hdfc ergo two wheeler insurance],2W,0
329,[two wheeler insurance online bajaj],2W,0
330,[bajaj bike insurance policy],2W,0
331,[bike online insurance kaise kare],2W,0
0,motor insurance,4W,1
1,online vehicle insurance,4W,1
2,online insurance car,4W,1
3,cheap car insurance,4W,1
4,online car insurance policy,4W,1
5,car insurance calculator,4W,1
6,vehicle insurence,4W,1
7,auto insurance online,4W,1
8,[bajaj allianz car insurance],4W,1
9,car insurance company in india,4W,1
10,[bajaj allainz car insurance],4W,1
11,india auto insurance,4W,1
12,insurance for my car,4W,1
13,[bajaj motor policy],4W,1
14,car insurance quote,4W,1
15,car insurance companies in india,4W,1
16,vehicles insurance company,4W,1
17,online vehicle insurance check,4W,1
18,online car quotes,4W,1
19,motor insurance online,4W,1
20,vehicle insurance quotes india,4W,1
21,best auto insurance india,4W,1
22,four wheeler insurance,4W,1
23,insurance for vehicles,4W,1
24,full insurance for car,4W,1
25,car policy,4W,1
26,car insurance plans in india,4W,1
27,used car insurance online,4W,1
28,[bajaj car insurance],4W,1
29,online car insurance,4W,1
30,auto insurance company,4W,1
31,buy car insurance india,4W,1
32,insurance vehicle check,4W,1
33,car insurance buy,4W,1
34,auto insurance policy,4W,1
35,price of car insurance in india,4W,1
36,bumper to bumper car insurance,4W,1
37,car insurance price,4W,1
38,auto insurance coverages,4W,1
39,car insurance calculator india,4W,1
40,car insurance premium calculator,4W,1
41,four wheeler insurance calculator,4W,1
42,best car insurance policy,4W,1
43,vehicle insurance online check,4W,1
44,india car insurance price,4W,1
45,"""bajaj car insurance""",4W,1
46,buy online car insurance policy,4W,1
47,lowest car insurance,4W,1
48,pay vehicle insurance online,4W,1
49,lowest car insurance online,4W,1
50,car insurance plans,4W,1
51,vehicle insurance check online,4W,1
52,comprehensive car insurance india,4W,1
53,[bajaj car insurance policy],4W,1
54,auto insurance quotes,4W,1
55,online vehicle insurance calculator,4W,1
56,[bajaj allianz car insurance review],4W,1
57,buy car insurance policy,4W,1
58,"""bajaj allianz vehicle insurance""",4W,1
59,motor insurance policy,4W,1
60,[bajaj motor insurance],4W,1
61,vehicle insurance online,4W,1
62,car policy check,4W,1
63,"""bajaj allianz car insurance""",4W,1
64,car insurance kerala,4W,1
65,[bajaj allianz motor insurance],4W,1
66,best four wheeler insurance in india,4W,1
67,best car insurance policy in india,4W,1
68,car bima,4W,1
69,car insurance in bangalore,4W,1
70,best auto insurance companies,4W,1
71,four wheeler insurance online,4W,1
72,online car insurance quote,4W,1
73,auto insurance policy comparison,4W,1
74,online auto insurance quotes,4W,1
75,rate of insurance for car,4W,1
76,insurance cost of new car,4W,1
77,[bajaj vehicle insurance],4W,1
78,online insurance for new car,4W,1
79,online car insurance rates,4W,1
80,car insurance ratings india,4W,1
81,online motor insurance,4W,1
82,types of car insurance in india,4W,1
83,instant car insurance online,4W,1
84,full cover car insurance,4W,1
85,top car insurance providers,4W,1
86,four wheeler insurance price,4W,1
87,buy car policy online,4W,1
88,car insurance online premium calculator,4W,1
89,new insurance policy for car,4W,1
90,no depreciation car insurance,4W,1
91,"""bajaj motor insurance""",4W,1
92,[bajaj allianz vehicle insurance],4W,1
93,online car insurance quote calculator,4W,1
94,vehicle insurance check india,4W,1
95,full car insurance,4W,1
96,"""allianz car insurance""",4W,1
97,pay vehicle insurance,4W,1
98,"""bajaj auto insurance""",4W,1
99,[bajaj auto insurance],4W,1
100,instant car insurance,4W,1
101,transfer of vehicle insurance,4W,1
102,[bajaj allianz general car insurance],4W,1
103,[bajaj allianz car insurance near me],4W,1
104,four wheeler insurance india,4W,1
105,[car insurance bajaj],4W,1
106,best auto insurance online,4W,1
107,four vehicle insurance,4W,1
108,[car insurance bajaj allianz],4W,1
109,4 wheeler insurance quote,4W,1
110,[bajaj motor insurance policy],4W,1
111,apply for car insurance,4W,1
112,"""bajaj vehicle insurance""",4W,1
113,vehicle insurance online payment,4W,1
114,cheap auto insurance,4W,1
115,4 wheeler car insurance,4W,1
116,"""car insurance bajaj""",4W,1
117,compare 4 wheeler insurance,4W,1
118,temporary car insurance india,4W,1
119,best new car insurance in india,4W,1
120,car insurance low price,4W,1
121,four wheeler insurance cost,4W,1
122,[bajaj auto insurance online],4W,1
123,best vehicle insurance company in india,4W,1
124,"""motor insurance bajaj""",4W,1
125,[bajaj allianz car insurance policy details],4W,1
126,car insurance for 3 years,4W,1
127,comprehensive car insurance online,4W,1
128,insurance for new vehicle,4W,1
129,[bajaj allianz car insurance policy],4W,1
130,[bajaj allianz motor insurance policy],4W,1
131,four vehicle insurance online,4W,1
132,"""bajaj allianz car insurance helpline""",4W,1
133,[bajaj car insurance online],4W,1
134,buy vehicle insurance online,4W,1
135,car insurance in delhi,4W,1
136,best four wheeler insurance,4W,1
137,car insurance low cost,4W,1
138,car insurance check online india,4W,1
139,my vehicle insurance details,4W,1
140,[bajaj allianz comprehensive car insurance],4W,1
141,buy 4 wheeler insurance online,4W,1
142,auto insurance rates,4W,1
143,best 4 wheeler insurance,4W,1
144,get vehicle insurance online,4W,1
145,4 wheeler insurance company,4W,1
146,4 wheeler insurance price,4W,1
147,[bajaj vehicle insurance online],4W,1
148,[bajaj car insurance near me],4W,1
149,car insurance at lowest price,4W,1
150,cheapest vehicle insurance in india,4W,1
151,car insurance depreciation,4W,1
152,cashless insurance for car,4W,1
153,car insurance bumper to bumper,4W,1
154,four wheeler insurance quote,4W,1
155,second hand car insurance,4W,1
156,[bajaj insurance car],4W,1
157,"""bajaj allianz auto insurance""",4W,1
158,buy auto insurance online,4W,1
159,"""bajaj commercial vehicle insurance""",4W,1
160,online car policy,4W,1
161,"""bajaj allianz motor insurance""",4W,1
162,4 wheeler insurance calculator,4W,1
163,[bajaj insurance motor],4W,1
164,[bajaj online car insurance],4W,1
165,car insurance online now,4W,1
166,[bajaj allianz auto insurance],4W,1
167,depreciation cover car insurance,4W,1
168,car bima online,4W,1
169,car insurance,4W,1
170,online vehicle policy,4W,1
171,4 wheeler insurance rates,4W,1
172,"""bajaj allianz motor""",4W,1
173,[bajaj allianz insurance car],4W,1
174,types of car insurance policy in india,4W,1
175,[bajaj four wheeler insurance],4W,1
176,[bajaj allianz car insurance check],4W,1
177,cheap vehicle insurance,4W,1
178,car insurance in hyderabad,4W,1
179,one year insurance for car,4W,1
180,[bajaj allianz car insurance online],4W,1
181,best car insurance provider in india,4W,1
182,which car insurance to buy,4W,1
183,car insurance tamil nadu,4W,1
184,"""bajaj allianz car insurence""",4W,1
185,[bajaj allianz car],4W,1
186,"""bajaj motor vehicle insurance""",4W,1
187,[bajaj allianz car policy],4W,1
188,4 wheeler car insurance price,4W,1
189,get vehicle insurance quotes,4W,1
190,four wheeler insurance comparison,4W,1
191,"""bajaj insurance car""",4W,1
192,lowest price car insurance in india,4W,1
193,[bajaj allianz car insurance price],4W,1
194,[bajaj allianz car insurance helpline],4W,1
195,[bajaj allianz car insurance zero depreciation policy],4W,1
196,[bajaj car insurence],4W,1
197,"""bajaj insurance motor""",4W,1
198,car insurance in chennai,4W,1
199,[bajaj allianz new car insurance],4W,1
200,insurance new car purchase,4W,1
201,buy car insurance online,4W,1
202,car insurance full coverage cost,4W,1
203,"""bajaj alliance motor insurance""",4W,1
204,new four wheeler insurance,4W,1
205,"""bajaj alliance vehicle insurance""",4W,1
206,"""bajaj allianz motor vehicle insurance""",4W,1
207,car insurance jaipur,4W,1
208,car insurance for 5 years,4W,1
209,"""bajaj motor insurance online""",4W,1
210,"""bajaj allianz vehicle insurance policy""",4W,1
211,"""online bajaj car insurance""",4W,1
212,car insurance premium online,4W,1
213,"""bajaj car insurence""",4W,1
214,"""bajaj auto insurance online""",4W,1
215,[bajaj allianz car insurance online payment],4W,1
216,car insurance chandigarh,4W,1
217,car insurance online india,4W,1
218,[bajaj 4 wheeler insurance],4W,1
219,"""bajaj allianz insurance car""",4W,1
220,[bajaj car insurance price],4W,1
221,"""car insurance bajaj allianz""",4W,1
222,top 10 car insurance in india,4W,1
223,"""bajaj allianz motor insurance policy""",4W,1
224,[bajaj allianz four wheeler insurance],4W,1
225,[bajaj car policy],4W,1
226,low car insurance rates,4W,1
227,best car insurance in tamil nadu,4W,1
228,[allianz car insurance],4W,1
229,"""vehicle insurance bajaj allianz""",4W,1
230,[bajaj allianz online car insurance],4W,1
231,online car insurance quotes india,4W,1
232,car insurance today,4W,1
233,affordable car insurance rates,4W,1
234,"""bazaz allianz car insurance""",4W,1
235,"""bajaj motor policy""",4W,1
236,short term car insurance india,4W,1
237,[bajaj motor vehicle insurance],4W,1
238,"""bajaj allianz motor insurance online""",4W,1
239,"""bajaj car policy""",4W,1
240,"""bajaj allianz car insurance cost""",4W,1
241,car bumper to bumper insurance,4W,1
242,"""bajaj motor insurance policy""",4W,1
243,apply car insurance online,4W,1
244,"""vehicle insurance bajaj""",4W,1
245,car insurance for brand new car,4W,1
246,low cost vehicle insurance,4W,1
247,[bajajallianz car insurance],4W,1
248,insurance check on vehicle,4W,1
249,new car insurance price in india,4W,1
250,best 4 wheeler insurance in india,4W,1
251,[bajaj allianz 4 wheeler insurance],4W,1
252,"""bajaj allianze car insurance""",4W,1
253,"""baja auto insurance""",4W,1
254,car insurance online apply,4W,1
255,zero depreciation vehicle insurance,4W,1
256,"""bajaj allianz car insurance check""",4W,1
257,[bajaj insurance for car],4W,1
258,buy car policy,4W,1
259,[bajaj allianz motor policy],4W,1
260,four wheeler insurance premium,4W,1
261,[bajaj car insurance calculator],4W,1
262,"""bajajallianz car insurance""",4W,1
263,"""bajaj car insurance price""",4W,1
264,[online car insurance bajaj allianz],4W,1
265,"""bajaj allianz car insurance policy""",4W,1
266,[car insurance policy bajaj allianz],4W,1
267,"""bajaj alianz car insurance""",4W,1
268,bumper to bumper car insurance calculator,4W,1
269,[vehicle insurance bajaj allianz],4W,1
270,"""bajaj allianz motor policy""",4W,1
271,"""motor insurance bajaj allianz""",4W,1
272,"""allianz motor insurance""",4W,1
273,[bajaj allianz zero depreciation car insurance],4W,1
274,[bajaj car insurance quote],4W,1
275,"""bajaj 4 wheeler insurance""",4W,1
276,"""bajaj four wheeler insurance""",4W,1
277,[bajaj allianz car insurance premium calculator],4W,1
278,"""bajaj allianz four wheeler""",4W,1
279,"""bajaj allianz zero dep car insurance""",4W,1
280,[online bajaj allianz car insurance],4W,1
281,[bajaj allianz motor],4W,1
282,"""bajaj alliance car insurance""",4W,1
283,[bajaj allianz vehicle insurance online payment],4W,1
284,[motor insurance bajaj allianz],4W,1
285,"""bajaj allianz car policy""",4W,1
286,online insurance of car,4W,1
287,[bajaj allianze car insurance],4W,1
288,[allianz motor insurance],4W,1
289,insurance car india,4W,1
290,car insurance price list india,4W,1
291,[bajaj alliance motor insurance],4W,1
292,"""bajaj allianz 4 wheeler insurance""",4W,1
293,online insurance for 4 wheeler,4W,1
294,insurance charges for new car,4W,1
295,"""bajaj car insurance calculator""",4W,1
296,"""bajaj allianz car insurance premium calculator""",4W,1
297,"""bajaj allianz car insurance online payment""",4W,1
298,"""bajaj vehicle insurance online""",4W,1
299,[bajaj aliance car insurance],4W,1
300,[bajaj allianz zero dep car insurance],4W,1
301,car insurance price in west bengal,4W,1
302,[car insurance online bajaj],4W,1
303,insurance for new car purchase,4W,1
304,[motor insurance bajaj],4W,1
305,"""vehicle insurance online bajaj allianz""",4W,1
306,"""bajaj car insurance online""",4W,1
307,"""bajaj allianz car insurance zero depreciation""",4W,1
308,[bajaj allianz motor vehicle insurance],4W,1
309,[bajaj allianz motor insurance quote],4W,1
310,[baja car insurance],4W,1
311,[vehicle insurance online bajaj allianz],4W,1
312,"""bajaj online car insurance""",4W,1
313,"""bajaj car insurance near me""",4W,1
314,[zero depreciation car insurance bajaj allianz],4W,1
315,[insurance zero depreciation],4W,1
316,monthly car insurance india,4W,1
317,"""bajaj allianz car insurance online premium payment""",4W,1
318,"""allianz auto insurance""",4W,1
319,"""car insurance policy bajaj allianz""",4W,1
320,"""bajaj allianz online car insurance""",4W,1
321,"""bajaj allianz vehicle insurance online payment""",4W,1
322,"""baja car insurance""",4W,1
323,"""bajaj aliance car insurance""",4W,1
324,"""bajaj allianz auto insurance quote""",4W,1
325,"""zero depreciation car insurance bajaj allianz""",4W,1
326,"""bajaj allianz car insurance bangalore""",4W,1
327,[allianz vehicle insurance],4W,1
328,"""bajaj allianz zero depreciation car insurance""",4W,1
329,[bajaj allianz car insurance premium],4W,1
330,[baja auto insurance],4W,1
331,"""bajaj allianz four wheeler insurance""",4W,1
332,[bajaj allianz car insurance hyderabad],4W,1
333,[bajaj allianz car insurance calculator],4W,1
334,"""bajaj allianz car insurance zero depreciation policy""",4W,1
335,"""bajaj allianz motor insurance quote""",4W,1
336,check vehicle insurance status online,4W,1
337,"""bajaj allianz comprehensive car insurance""",4W,1
338,"""allianz motor insurance online""",4W,1
339,take car insurance online,4W,1
340,[bajaj insurance car insurance],4W,1
341,[bajaj allianz car insurance cost],4W,1
342,[bajaj allianz car insurance quote],4W,1
343,[vehicle insurance bajaj],4W,1
344,"""bajaj allianz four wheeler insurance online""",4W,1
345,premium calculator for vehicle insurance,4W,1
346,[bajaj alliance car insurance],4W,1
347,[online bajaj car insurance],4W,1
348,transfer of car insurance,4W,1
349,[bajaj allianz vehicle insurance online],4W,1
350,[online car insurance bajaj],4W,1
351,"""car insurance online bajaj allianz""",4W,1
352,"""bajaj allianz car insurance india""",4W,1
353,[allianz car insurance india],4W,1
354,[bazaz allianz car insurance],4W,1
355,[bajaj insurance vehicle],4W,1
0,[bajaj allianz],Brand,2
1,[iffco tokio general insurance company limited],Brand,2
2,[acko general insurance],Brand,2
3,[new india assurance],Brand,2
4,[icici lombard general insurance],Brand,2
5,[go digit general insurance limited],Brand,2
6,[bajaj allianz general insurance],Brand,2
7,[hdfc ergo general insurance company limited],Brand,2
8,[bajaj insurance],Brand,2
9,[the oriental insurance],Brand,2
10,[general insurance],Brand,2
11,[reliance insurance],Brand,2
12,[bajajallianz],Brand,2
13,[icici lombard general],Brand,2
14,[insurance policy],Brand,2
15,[general bajajallianz],Brand,2
16,[universal sompo gic],Brand,2
17,[online insurance],Brand,2
18,[hdfc ergo general insurance company],Brand,2
19,[national insurance company limited website],Brand,2
20,[digit general insurance limited],Brand,2
21,[go digit insurance company],Brand,2
22,[future generali],Brand,2
23,[online insurance policy],Brand,2
24,[bajaj allianz insurance],Brand,2
25,[bajaj insurance policy],Brand,2
26,[bajaj general insurance],Brand,2
27,[www new india assurance company],Brand,2
28,[online insurance quotes],Brand,2
29,[bajaj allianz general insurance company limited],Brand,2
30,[new india insurance company],Brand,2
31,[bajaj allianz online premium payment],Brand,2
32,[bajaj allianz general insurance company],Brand,2
33,[bajaj general insurance company limited],Brand,2
34,[bajaj insurance online payment],Brand,2
35,[the oriental insurance company limited],Brand,2
36,[oriental insurance company],Brand,2
37,[insurance companies in india],Brand,2
38,[new india insurance renewal],Brand,2
39,[kotak general insurance],Brand,2
40,[bajaj allianz com],Brand,2
41,[insurance company],Brand,2
42,[general insurance bajaj],Brand,2
43,[best insurance company in india],Brand,2
44,[hdfc policy],Brand,2
45,[insurance company india],Brand,2
46,[bajaj policy],Brand,2
47,[united india insurance co in],Brand,2
48,[niva bupa],Brand,2
49,[buy insurance online],Brand,2
50,[aditya birla insurance],Brand,2
51,[insurance quotes online],Brand,2
52,[hdfc general insurance],Brand,2
53,[insurance quotation],Brand,2
54,[max bupa],Brand,2
55,[new india assurance company],Brand,2
56,[buy insurance policy online],Brand,2
57,[bajaj allianz insurance payment],Brand,2
58,[www future general insurance],Brand,2
59,[ms chola insurance],Brand,2
60,[bajaj allianz general insurance com],Brand,2
61,[buy insurance],Brand,2
62,[bajaj allianz online],Brand,2
63,[www sbigenral in],Brand,2
64,[allianz general insurance],Brand,2
65,[general insurance company],Brand,2
66,[best insurance policies],Brand,2
67,[bajaj allianz near me],Brand,2
68,[bajaj premium payment],Brand,2
69,[icici lombard general insurance co ltd],Brand,2
70,[sbi general],Brand,2
71,[bajaj general insurance company],Brand,2
72,[good insurance companies],Brand,2
73,[iffco tokio co in],Brand,2
74,[go digit general insurance review],Brand,2
75,[bajaj allianz insurance company],Brand,2
76,[bajaj allianz general],Brand,2
77,[best insurance],Brand,2
78,[www coverfox],Brand,2
79,[bajaj allianz general insurance co ltd],Brand,2
80,[bajaj allianz online payment],Brand,2
81,[bajajallianz general insurance],Brand,2
82,[best insurance companies],Brand,2
83,[renew your policy],Brand,2
84,[new india general insurance],Brand,2
85,[new india insurance company limited],Brand,2
86,[tata aig online policy renewal],Brand,2
87,[zero dep insurance policy],Brand,2
88,[iffco tokio general insurance renewal],Brand,2
89,[general insurance premium calculator],Brand,2
90,[general insurance in india],Brand,2
91,[newindia co in policy],Brand,2
92,[sbi general insurance co ltd],Brand,2
93,[top general insurance companies in india],Brand,2
94,[best policy plan],Brand,2
95,[future generali india insurance company],Brand,2
96,[top up policy],Brand,2
97,[bajaj allianz policy],Brand,2
98,[best general insurance company in india],Brand,2
99,[hdfc ergo policy renewal],Brand,2
100,[online bajaj allianz payment],Brand,2
101,[national general insurance],Brand,2
102,[top ten insurance company in india],Brand,2
103,[www go digit com],Brand,2
104,[kotak mahindra general insurance],Brand,2
105,[icici lombard insurance policy],Brand,2
106,[hdfc insurance plan],Brand,2
107,[general insurance allianz],Brand,2
108,[new india insurance online],Brand,2
109,[best insurance companies in india],Brand,2
110,[allianz bajaj general insurance],Brand,2
111,[general bajajallianz com],Brand,2
112,[best insurance plan],Brand,2
113,[bajaj allianz online policy],Brand,2
114,[buy insurance policy],Brand,2
115,[new india assurance near me],Brand,2
116,[tata aig india],Brand,2
117,[chola ms general insurance company],Brand,2
118,[the new india insurance company],Brand,2
119,[allianz bajaj insurance],Brand,2
120,[best insurance price],Brand,2
121,[general insurance company list in india],Brand,2
122,[bajaj allianz general insurance online],Brand,2
123,[bajaj allianz online premium],Brand,2
124,[go digit general insurance policy check],Brand,2
125,[allianz insurance company],Brand,2
126,[bajaj allianz insurance payment online],Brand,2
127,[top 10 insurance company],Brand,2
128,[insurance comparison],Brand,2
129,[https www bajajallianz com general insurance],Brand,2
130,[bajaj insurance plan],Brand,2
131,[bajaj allianz general insurance company ltd],Brand,2
132,[universal sompo general],Brand,2
133,[future generali total insurance solutions],Brand,2
134,[pmjjby policy],Brand,2
135,[bajaj allianz insurance plans],Brand,2
136,[cigna ttk insurance],Brand,2
137,[super top up plan],Brand,2
138,[general insurance india],Brand,2
139,[national insurance company online],Brand,2
140,[the best insurance],Brand,2
141,[reliance general insurance online],Brand,2
142,[bajaj online payment],Brand,2
143,[godigit com],Brand,2
144,[bajaj allianz general insurance online payment],Brand,2
145,[iffco tokio insurance company],Brand,2
146,[tata aig insurance online],Brand,2
147,[pnb insurance company],Brand,2
148,[online general insurance],Brand,2
149,[buy general insurance online],Brand,2
150,[united india general insurance],Brand,2
151,[sbi general insurance online],Brand,2
152,[best insurance in india],Brand,2
153,[national insurance company policy],Brand,2
154,[top insurance plans in india],Brand,2
155,[general insurance company list],Brand,2
156,[adithya insurance],Brand,2
157,[cheap insurance policy],Brand,2
158,[top 10 insurance company in india],Brand,2
159,[aditya birla insurance policy],Brand,2
160,[hdfc online insurance],Brand,2
161,[bajaj online insurance],Brand,2
162,[general bajaj allianz],Brand,2
163,[future generalli],Brand,2
164,[new india insurance website],Brand,2
165,[hdfc ergo website],Brand,2
166,[bajaj allianz general insurance ltd],Brand,2
167,[insurance companies india],Brand,2
168,[the general insurace],Brand,2
169,[top insurance plans],Brand,2
170,[aig general insurance],Brand,2
171,[hdfc ergo insurance policy],Brand,2
172,[royal sundaram alliance],Brand,2
173,[new india general insurance company],Brand,2
174,[general insurance bajaj allianz],Brand,2
175,[wc policy],Brand,2
176,[liberty videocon general insurance company],Brand,2
177,[bajaj allianz website],Brand,2
178,[bajaj insurance online],Brand,2
179,[hdfc ergo general],Brand,2
180,[top ten insurance company],Brand,2
181,[iffco tokio insurance policy],Brand,2
182,[national insurance company of india],Brand,2
183,[tata aig plan],Brand,2
184,[chola mandalam insurance],Brand,2
185,[best general insurance],Brand,2
186,[chola insurance online],Brand,2
187,[arogya sanjeevani policy],Brand,2
188,[hdfc policy plan],Brand,2
189,[bajaj allianz premium],Brand,2
190,[bajaj allianz quote],Brand,2
191,[top rated insurance companies],Brand,2
192,[max bupa insurance],Brand,2
193,[bajaj allianz general insurance co in],Brand,2
194,[insurance online india],Brand,2
195,[reliance insurance india],Brand,2
196,[new insurance company],Brand,2
197,[tata aig online policy],Brand,2
198,[icici lombard insurance renewal online],Brand,2
199,[the new india general insurance],Brand,2
200,[renew my policy],Brand,2
201,[insurance quote online],Brand,2
202,[universal shampoo general insurance],Brand,2
203,[allianz bajaj],Brand,2
204,[buy general insurance],Brand,2
205,[sbi general insurance company],Brand,2
206,[best online insurance],Brand,2
207,[reliance insurance policy renewal],Brand,2
208,[iffco tokio renewal],Brand,2
209,[united india insurance plans],Brand,2
210,[cholamandalam insurance review],Brand,2
211,[the best insurance policy],Brand,2
212,[arogya sanjeevani],Brand,2
213,[united general insurance],Brand,2
214,[www kotakgeneralinsurance],Brand,2
215,[online bajaj allianz],Brand,2
216,[tata aig gic],Brand,2
217,[iffco tokio insurance online],Brand,2
218,[bajaj allianz online insurance],Brand,2
219,[future generali insurance review],Brand,2
220,[tata aig insurance plans],Brand,2
221,[reliance general insurance online policy],Brand,2
222,[new general insurance],Brand,2
223,[icici lombard online policy],Brand,2
224,[top ten insurance companies],Brand,2
225,[royal sundaram policy],Brand,2
226,[max bupa policy],Brand,2
227,[best policy in india],Brand,2
228,[universal sompo insurance review],Brand,2
229,[bajaj allianz insurance quote],Brand,2
230,[bajaj allianz company],Brand,2
231,[digit insurance pune],Brand,2
232,[cholamandalam insurance chennai],Brand,2
233,[the general com insurance],Brand,2
234,[buy insurance india],Brand,2
235,[general insurance premium],Brand,2
236,[royal sundaram insurance chennai],Brand,2
237,[insurance bajaj allianz],Brand,2
238,[general insurance quotes],Brand,2
239,[bupa insurance india],Brand,2
240,[insurance coverage policy],Brand,2
241,[max bupa general insurance],Brand,2
242,[max bupa india],Brand,2
243,[best rated insurance companies],Brand,2
244,[hdfc ergo online],Brand,2
245,[general insurance quote],Brand,2
246,[nic online insurance],Brand,2
247,[acko general insurance bangalore],Brand,2
248,[new india insurance premium],Brand,2
249,[sbi general insurance premium],Brand,2
250,[tata general insurance policy],Brand,2
251,[general insurance free quote],Brand,2
252,[the general insurance quote],Brand,2
253,[max bupa insurance plans],Brand,2
254,[national insurance company limited kolkata],Brand,2
255,[united india insurance premium],Brand,2
256,[top ten general insurance companies in india],Brand,2
257,[royal sundaram general insurance chennai],Brand,2
258,[bupa company insurance],Brand,2
259,[new general insurance companies in india],Brand,2
260,[hdfc ergo plan],Brand,2
261,[general insurance online],Brand,2
262,[tata aig insurance bangalore],Brand,2
263,[royal sundaram insurance renewal],Brand,2
264,[future generali online renewal],Brand,2
265,[national insurance premium payment],Brand,2
266,[max bupa review],Brand,2
267,[max bupa premium payment],Brand,2
268,[sompo insurance india],Brand,2
269,[biggest insurance companies],Brand,2
270,[hdfc general insurance company limited],Brand,2
271,[tata aig insurance chennai],Brand,2
272,[max bupa renewal payment],Brand,2
273,[max bupa insurance review],Brand,2
274,[top 10 insurance companies],Brand,2
275,[tata insurance online payment],Brand,2
276,[max bupa company],Brand,2
277,[future generali policy],Brand,2
278,[hdfc ergo premium],Brand,2
279,[buy sbi general insurance],Brand,2
280,[royal sundaram general insurance policy],Brand,2
281,[universal sompo gic ltd],Brand,2
282,[niva bupa website],Brand,2
283,[royal sundaram insurance bangalore],Brand,2
284,[max bupa top up plan],Brand,2
285,[max bupa plans],Brand,2
286,[tata aig insurance company ltd],Brand,2
287,[oriental insurance india],Brand,2
288,[insurance companies us],Brand,2
289,[top five insurance company in india],Brand,2
290,[tata aig mumbai],Brand,2
291,[royal sundaram premium payment],Brand,2
292,[ergo policy],Brand,2
293,[ttk insurance],Brand,2
294,[cigna insurance plans],Brand,2
295,[10 best insurance companies],Brand,2
296,[hdfc insurance premium],Brand,2
297,[online insurance plan],Brand,2
298,[best group insurance plans],Brand,2
299,[the general free quote],Brand,2
300,[max bupa premium],Brand,2
301,[universal sompo tpa],Brand,2
302,[general insurance quote online],Brand,2
0, +allianz +health +Insurance,Health,3
1, +allianz +mediclaim,Health,3
2, +bajaj +allianz +health,Health,3
3, +bajaj +allianz +health +Insurance,Health,3
4, +bajaj +allianz +mediclaim,Health,3
5, +bajaj +health +insurance,Health,3
6, +bajaj +health +policy,Health,3
7, +bajaj +medical +insurance,Health,3
8, +bajaj +mediclaim,Health,3
9,"""allianz care""",Health,3
10,"""allianz critical illness insurance""",Health,3
11,"""allianz critical illness plan""",Health,3
12,"""allianz family care first""",Health,3
13,"""allianz family floater""",Health,3
14,"""allianz family health insurance""",Health,3
15,"""allianz general health insurance""",Health,3
16,"""allianz health guard plan""",Health,3
17,"""allianz health insurance calculator""",Health,3
18,"""allianz health insurance family floater""",Health,3
19,"""allianz health insurance india""",Health,3
20,"""allianz health insurance online payment""",Health,3
21,"""allianz health insurance plan""",Health,3
22,"""allianz health insurance plans""",Health,3
23,"""allianz health insurance policy""",Health,3
24,"""allianz health insurance premium""",Health,3
25,"""allianz health insurance silver plan""",Health,3
26,"""allianz health Insurance""",Health,3
27,"""allianz health policy""",Health,3
28,"""allianz mediclaim insurance""",Health,3
29,"""allianz mediclaim policy for family""",Health,3
30,"""allianz mediclaim policy""",Health,3
31,"""allianz mediclaim""",Health,3
32,"""allianz senior citizen health insurance""",Health,3
33,"""allianz silver health plan""",Health,3
34,"""allianze health insurance""",Health,3
35,"""bajaj allainz health insurance""",Health,3
36,"""bajaj alliance health insurance""",Health,3
37,"""bajaj alliance health""",Health,3
38,"""bajaj alliance medical insurance""",Health,3
39,"""bajaj allianz family care first""",Health,3
40,"""bajaj allianz family care""",Health,3
41,"""bajaj allianz family floater health""",Health,3
42,"""bajaj allianz family floater""",Health,3
43,"""bajaj allianz family health care gold""",Health,3
44,"""bajaj allianz group health insurance""",Health,3
45,"""bajaj allianz health care""",Health,3
46,"""bajaj allianz health guard gold plan""",Health,3
47,"""bajaj allianz health guard individual policy""",Health,3
48,"""bajaj allianz health guard individual""",Health,3
49,"""bajaj allianz health guard plan""",Health,3
50,"""bajaj allianz health guard policy""",Health,3
51,"""bajaj allianz health guard premium calculator""",Health,3
52,"""bajaj allianz health guard premium""",Health,3
53,"""bajaj allianz health insurance benefits""",Health,3
54,"""bajaj allianz health insurance buy""",Health,3
55,"""bajaj allianz health insurance calculator""",Health,3
56,"""bajaj allianz health insurance cashless""",Health,3
57,"""bajaj allianz health insurance company""",Health,3
58,"""bajaj allianz health insurance for diabetics""",Health,3
59,"""bajaj allianz health insurance for senior citizens""",Health,3
60,"""bajaj allianz health insurance online payment""",Health,3
61,"""bajaj allianz health insurance plans""",Health,3
62,"""bajaj allianz health insurance policy""",Health,3
63,"""bajaj allianz health insurance premium calculator""",Health,3
64,"""bajaj allianz health insurance premium payment""",Health,3
65,"""bajaj allianz health insurance premium""",Health,3
66,"""bajaj allianz health insurance top up plan""",Health,3
67,"""bajaj allianz health Insurance""",Health,3
68,"""bajaj allianz health policy""",Health,3
69,"""bajaj allianz health""",Health,3
70,"""bajaj allianz individual health guard""",Health,3
71,"""bajaj allianz maternity policy""",Health,3
72,"""bajaj allianz medical insurance policy""",Health,3
73,"""bajaj allianz medical insurance premium""",Health,3
74,"""bajaj allianz medical insurance""",Health,3
75,"""bajaj allianz medical""",Health,3
76,"""bajaj allianz mediclaim insurance policy""",Health,3
77,"""bajaj allianz mediclaim insurance""",Health,3
78,"""bajaj allianz mediclaim premium calculator""",Health,3
79,"""bajaj allianz mediclaim premium""",Health,3
80,"""bajaj allianz mediclaim""",Health,3
81,"""bajaj allianz senior citizen health insurance""",Health,3
82,"""bajaj allianz silver health insurance""",Health,3
83,"""bajaj allianz silver health plan""",Health,3
84,"""bajaj allianz silver health""",Health,3
85,"""bajaj allianz super top up health insurance""",Health,3
86,"""bajaj allianz super top up""",Health,3
87,"""bajaj allianz top up plan""",Health,3
88,"""bajaj family health insurance""",Health,3
89,"""bajaj health and wellness""",Health,3
90,"""bajaj health guard""",Health,3
91,"""bajaj health insurance calculator""",Health,3
92,"""bajaj health insurance for senior citizens""",Health,3
93,"""bajaj health insurance online payment""",Health,3
94,"""bajaj health insurance plan""",Health,3
95,"""bajaj health insurance plans""",Health,3
96,"""bajaj health insurance premium calculator""",Health,3
97,"""bajaj health insurance premium""",Health,3
98,"""bajaj health insurance""",Health,3
99,"""bajaj health insurence""",Health,3
100,"""bajaj health plans""",Health,3
101,"""bajaj health policy""",Health,3
102,"""bajaj heath insurance""",Health,3
103,"""bajaj helth insurance""",Health,3
104,"""bajaj insurance health""",Health,3
105,"""bajaj medical insurance plans""",Health,3
106,"""bajaj medical insurance policy""",Health,3
107,"""bajaj medical insurance""",Health,3
108,"""bajaj medical policy""",Health,3
109,"""bajaj mediclaim insurance policy""",Health,3
110,"""bajaj mediclaim plan""",Health,3
111,"""bajaj mediclaim""",Health,3
112,"""bajaj senior citizen health insurance""",Health,3
113,"""bajaj silver health""",Health,3
114,"""bajajallianz health insurance""",Health,3
115,"""buy allianz health insurance""",Health,3
116,"""health bajajallianz co in""",Health,3
117,"""health care supreme bajaj""",Health,3
118,"""health insurance bajaj""",Health,3
119,"""medical insurance bajaj""",Health,3
120,[2 lakh health insurance],Health,3
121,[affordable care health insurance],Health,3
122,[affordable individual health insurance plans],Health,3
123,[allianz family health insurance],Health,3
124,[allianz group health insurance],Health,3
125,[allianz health insurance cashless],Health,3
126,[allianz health insurance india],Health,3
127,[apply for affordable health insurance],Health,3
128,[baby health insurance plans],Health,3
129,[bajaj alianz health],Health,3
130,[bajaj alliance health insurance],Health,3
131,[bajaj alliance health],Health,3
132,[bajaj allianz corporate health insurance],Health,3
133,[bajaj allianz extra care plus],Health,3
134,[bajaj allianz family care first],Health,3
135,[bajaj allianz family floater health guard premium],Health,3
136,[bajaj allianz family floater health guard],Health,3
137,[bajaj allianz family floater health],Health,3
138,[bajaj allianz family floater],Health,3
139,[bajaj allianz family health care gold],Health,3
140,[bajaj allianz general health insurance],Health,3
141,[bajaj allianz general insurance health guard],Health,3
142,[bajaj allianz group health insurance],Health,3
143,[bajaj allianz health care],Health,3
144,[bajaj allianz health ensure policy],Health,3
145,[bajaj allianz health ensure],Health,3
146,[bajaj allianz health guard floater policy],Health,3
147,[bajaj allianz health guard gold plan],Health,3
148,[bajaj allianz health guard individual policy],Health,3
149,[bajaj allianz health guard individual],Health,3
150,[bajaj allianz health guard plan],Health,3
151,[bajaj allianz health guard policy],Health,3
152,[bajaj allianz health guard premium calculator],Health,3
153,[bajaj allianz health guard premium],Health,3
154,[bajaj allianz health guard],Health,3
155,[bajaj allianz health insurance buy],Health,3
156,[bajaj allianz health insurance calculator],Health,3
157,[bajaj allianz health insurance cashless],Health,3
158,[bajaj allianz health insurance company],Health,3
159,[bajaj allianz health insurance coverage],Health,3
160,[bajaj allianz health insurance extra care plus],Health,3
161,[bajaj allianz health insurance family floater],Health,3
162,[bajaj allianz health insurance for diabetics],Health,3
163,[bajaj allianz health insurance for parents],Health,3
164,[bajaj allianz health insurance for senior citizens],Health,3
165,[bajaj allianz health insurance network hospital],Health,3
166,[bajaj allianz health insurance online payment],Health,3
167,[bajaj allianz health insurance online],Health,3
168,[bajaj allianz health insurance payment],Health,3
169,[bajaj allianz health insurance plan],Health,3
170,[bajaj allianz health insurance plans for family],Health,3
171,[bajaj allianz health insurance plans],Health,3
172,[bajaj allianz health insurance policy],Health,3
173,[bajaj allianz health insurance premium calculator],Health,3
174,[bajaj allianz health insurance premium payment],Health,3
175,[bajaj allianz health insurance premium],Health,3
176,[bajaj allianz health insurance silver plan],Health,3
177,[bajaj allianz health insurance top up plan],Health,3
178,[bajaj allianz health insurance top up],Health,3
179,[bajaj allianz health insurance],Health,3
180,[bajaj allianz health policy],Health,3
181,[bajaj allianz health],Health,3
182,[bajaj allianz individual health guard],Health,3
183,[bajaj allianz international health insurance],Health,3
184,[bajaj allianz medical insurance plans],Health,3
185,[bajaj allianz medical insurance policy],Health,3
186,[bajaj allianz medical insurance premium],Health,3
187,[bajaj allianz medical insurance],Health,3
188,[bajaj allianz medical policy],Health,3
189,[bajaj allianz medical],Health,3
190,[bajaj allianz mediclaim form],Health,3
191,[bajaj allianz mediclaim insurance policy],Health,3
192,[bajaj allianz mediclaim policy],Health,3
193,[bajaj allianz mediclaim premium calculator],Health,3
194,[bajaj allianz mediclaim],Health,3
195,[bajaj allianz silver health insurance],Health,3
196,[bajaj allianz silver health plan for senior citizens],Health,3
197,[bajaj allianz silver health plan],Health,3
198,[bajaj allianz silver health],Health,3
199,[bajaj allianz super top up health insurance],Health,3
200,[bajaj allianz super top up],Health,3
201,[bajaj allianz top up health insurance],Health,3
202,[bajaj allianz top up plan],Health,3
203,[bajaj family health insurance],Health,3
204,[bajaj health guard policy],Health,3
205,[bajaj health insurance calculator],Health,3
206,[bajaj health insurance for senior citizens],Health,3
207,[bajaj health insurance plan],Health,3
208,[bajaj health insurance plans for family],Health,3
209,[bajaj health insurance plans],Health,3
210,[bajaj health insurance policy],Health,3
211,[bajaj health insurance premium calculator],Health,3
212,[bajaj health insurance premium],Health,3
213,[bajaj health insurance top up],Health,3
214,[bajaj health insurance],Health,3
215,[bajaj health insurence],Health,3
216,[bajaj health plans],Health,3
217,[bajaj health policy],Health,3
218,[bajaj helth],Health,3
219,[bajaj insurance health],Health,3
220,[bajaj medical insurance plans],Health,3
221,[bajaj medical insurance policy],Health,3
222,[bajaj medical insurance],Health,3
223,[bajaj medical policy],Health,3
224,[bajaj mediclaim insurance policy],Health,3
225,[bajaj mediclaim insurance],Health,3
226,[bajaj mediclaim plan],Health,3
227,[bajaj mediclaim policy],Health,3
228,[bajaj mediclaim premium],Health,3
229,[bajaj senior citizen health insurance],Health,3
230,[bajaj silver health],Health,3
231,[bajaj super top up],Health,3
232,[best cancer health insurance plan],Health,3
233,[best cheap health insurance plans],Health,3
234,[best couples health insurance],Health,3
235,[best deal on health insurance],Health,3
236,[best family plan health insurance],Health,3
237,[best health care insurance],Health,3
238,[best health insurance cover],Health,3
239,[best health insurance family floater],Health,3
240,[best health insurance family],Health,3
241,[best health insurance for children],Health,3
242,[best health insurance for newborn],Health,3
243,[best health insurance plan for married couple],Health,3
244,[best health insurance plan for me],Health,3
245,[best health insurance plan for young adults],Health,3
246,[best health insurance policy in bangalore],Health,3
247,[best health insurance policy in kerala],Health,3
248,[best health plan for senior citizens],Health,3
249,[best health plans for senior citizens],Health,3
250,[best insurance plan for maternity],Health,3
251,[best insurance policy for maternity],Health,3
252,[best maternity coverage health insurance],Health,3
253,[best medical insurance with opd cover],Health,3
254,[best mediclaim policy company],Health,3
255,[best mediclaim policy with opd coverage],Health,3
256,[best personal health insurance plans],Health,3
257,[best place to buy health insurance online],Health,3
258,[best private health insurance plans for families],Health,3
259,[best senior health insurance],Health,3
260,[best super top up health insurance plans],Health,3
261,[best super top up health insurance],Health,3
262,[best super top up plan],Health,3
263,[best top up health insurance],Health,3
264,[buy best health insurance],Health,3
265,[buy health insurance online now],Health,3
266,[buy top up health insurance],Health,3
267,[buying cheap health insurance],Health,3
268,[cancer health policy],Health,3
269,[cancer mediclaim policy],Health,3
270,[cardiac care health insurance],Health,3
271,[cashless health insurance in kerala],Health,3
272,[cheap and good health insurance],Health,3
273,[cheap family health insurance],Health,3
274,[cheap health insurance for family],Health,3
275,[cheap health insurance for senior citizens],Health,3
276,[cheap health insurance quotes],Health,3
277,[cheap health insurance rates],Health,3
278,[cheapest health insurance for senior citizens],Health,3
279,[check up without health insurance],Health,3
280,[college health insurance plans],Health,3
281,[complete family health insurance],Health,3
282,[comprehensive health insurance plan],Health,3
283,[critical care health insurance],Health,3
284,[dental and health insurance quotes],Health,3
285,[emergency health insurance coverage],Health,3
286,[enroll health insurance],Health,3
287,[extra care plus bajaj allianz],Health,3
288,[extra care plus policy],Health,3
289,[family health insurance cover],Health,3
290,[family health insurance plans with maternity],Health,3
291,[family health insurance premiums],Health,3
292,[family health insurance price],Health,3
293,[family health insurance quotes],Health,3
294,[family health policy plans],Health,3
295,[floater health insurance policy],Health,3
296,[full body checkup insurance],Health,3
297,[full body checkup star health insurance],Health,3
298,[full coverage family health insurance],Health,3
299,[full coverage health insurance],Health,3
300,[general health insurance policy],Health,3
301,[get health insurance online now],Health,3
302,[get health insurance quote online],Health,3
303,[great health insurance plans],Health,3
304,[hdfc ergo health check up],Health,3
305,[hdfc ergo opd cover],Health,3
306,[hdfc ergo optima restore health checkup],Health,3
307,[health bajajallianz co in],Health,3
308,[health care insurance for seniors],Health,3
309,[health care insurance near me],Health,3
310,[health care supreme bajaj],Health,3
311,[health checkup for health insurance],Health,3
312,[health checkup insurance],Health,3
313,[health coverage for all],Health,3
314,[health ensure bajaj allianz],Health,3
315,[health guard bajaj allianz],Health,3
316,[health insurance accident],Health,3
317,[health insurance bajaj allianz],Health,3
318,[health insurance child],Health,3
319,[health insurance comprehensive],Health,3
320,[health insurance couple],Health,3
321,[health insurance cover opd charges],Health,3
322,[health insurance cover physiotherapy],Health,3
323,[health insurance coverage for cancer patients],Health,3
324,[health insurance fertility coverage],Health,3
325,[health insurance floater policy],Health,3
326,[health insurance for 18 year old],Health,3
327,[health insurance for 3 months],Health,3
328,[health insurance for 6 months],Health,3
329,[health insurance for a baby],Health,3
330,[health insurance for accidents],Health,3
331,[health insurance for babies],Health,3
332,[health insurance for baby],Health,3
333,[health insurance for dependent parents],Health,3
334,[health insurance for disabled],Health,3
335,[health insurance for family of 4],Health,3
336,[health insurance for kidney patients],Health,3
337,[health insurance for mother and child],Health,3
338,[health insurance for mother],Health,3
339,[health insurance for newborn babies],Health,3
340,[health insurance for one month],Health,3
341,[health insurance for one person],Health,3
342,[health insurance for single parent],Health,3
343,[health insurance for spouse],Health,3
344,[health insurance for unemployed person],Health,3
345,[health insurance for women],Health,3
346,[health insurance full body checkup],Health,3
347,[health insurance in pregnancy],Health,3
348,[health insurance in pune],Health,3
349,[health insurance in tamil nadu],Health,3
350,[health insurance instant coverage],Health,3
351,[health insurance monthly plan],Health,3
352,[health insurance on line],Health,3
353,[health insurance online application],Health,3
354,[health insurance per month one person],Health,3
355,[health insurance plan for child],Health,3
356,[health insurance plan for families],Health,3
357,[health insurance plan for pregnancy],Health,3
358,[health insurance plan prices],Health,3
359,[health insurance plan quotes],Health,3
360,[health insurance plan with opd cover],Health,3
361,[health insurance plan year],Health,3
362,[health insurance plans bajaj allianz],Health,3
363,[health insurance plans for 18 year olds],Health,3
364,[health insurance plans for employees],Health,3
365,[health insurance policy plans],Health,3
366,[health insurance policy with opd cover],Health,3
367,[health insurance quotation],Health,3
368,[health insurance quote online],Health,3
369,[health insurance ranchi],Health,3
370,[health insurance registration form],Health,3
371,[health insurance schemes in kerala],Health,3
372,[health insurance that covers opd],Health,3
373,[health insurance treatment],Health,3
374,[health insurance which covers opd expenses],Health,3
375,[health insurance with annual health checkup],Health,3
376,[health insurance with maternity cover],Health,3
377,[health insurance yearly],Health,3
378,[health insurence policy],Health,3
379,[health medisure super top up],Health,3
380,[health plus health insurance],Health,3
381,[health policy plan],Health,3
382,[health policy with opd cover],Health,3
383,[health super top up plan],Health,3
384,[health top up plan],Health,3
385,[hospital cash insurance policy],Health,3
386,[hospital cash plan],Health,3
387,[icici lombard health check up],Health,3
388,[icici lombard health insurance medical check up],Health,3
389,[icici lombard health insurance opd coverage],Health,3
390,[icici lombard opd cover],Health,3
391,[insurance annual checkup],Health,3
392,[insurance cover medical check up],Health,3
393,[insurance for expecting mothers],Health,3
394,[kids health insurance plans],Health,3
395,[lowest premium health insurance],Health,3
396,[lowest price for health insurance],Health,3
397,[manipalcigna free health checkup],Health,3
398,[maternity care health insurance],Health,3
399,[maternity cover health insurance],Health,3
400,[maternity insurance policy],Health,3
401,[max bupa opd cover],Health,3
402,[medical check up insurance],Health,3
403,[medical health checkup 80d],Health,3
404,[medical insurance bajaj allianz],Health,3
405,[medical insurance bajaj],Health,3
406,[medical insurance that covers opd expenses],Health,3
407,[medical insurance top up policy],Health,3
408,[medical insurance with opd cover],Health,3
409,[medical policy with opd coverage],Health,3
410,[medical top up plan],Health,3
411,[mediclaim policy bajaj allianz],Health,3
412,[mediclaim policy with opd coverage],Health,3
413,[mediclaim pregnancy],Health,3
414,[mediclaim top up plan],Health,3
415,[mediclaim with opd cover],Health,3
416,[minimum coverage health insurance],Health,3
417,[minimum premium health insurance],Health,3
418,[monthly health insurance],Health,3
419,[monthly payment for health insurance],Health,3
420,[new health insurance card],Health,3
421,[new health policy],Health,3
422,[opd benefit in health insurance],Health,3
423,[opd charges covered in health insurance],Health,3
424,[opd cover health insurance],Health,3
425,[opd cover in star health insurance],Health,3
426,[opd cover insurance],Health,3
427,[opd expenses health insurance],Health,3
428,[opd insurance cover],Health,3
429,[opd insurance plans],Health,3
430,[opd treatment insurance],Health,3
431,[personal accident health insurance],Health,3
432,[personal health insurance plan],Health,3
433,[personal health insurance policies],Health,3
434,[plans health insurance],Health,3
435,[pregnancy cover health insurance policy],Health,3
436,[pregnancy cover health insurance],Health,3
437,[preventive health check up 80d],Health,3
438,[preventive medical check up 80d],Health,3
439,[private health insurance for cancer patients],Health,3
440,[private health insurance for seniors],Health,3
441,[private health insurance for singles],Health,3
442,[self employed family health insurance],Health,3
443,[senior citizen top up health insurance],Health,3
444,[senior health insurance plan],Health,3
445,[short term health insurance policies],Health,3
446,[single person health insurance],Health,3
447,[star health check up],Health,3
448,[star health free check up],Health,3
449,[star health free health check up],Health,3
450,[star health insurance free health check up],Health,3
451,[star health insurance full body checkup],Health,3
452,[star health insurance medical check up],Health,3
453,[star health insurance opd coverage],Health,3
454,[star health medical check up],Health,3
455,[star health term plan],Health,3
456,[super top up for senior citizens],Health,3
457,[super top up health insurance for senior citizens],Health,3
458,[super top up health insurance],Health,3
459,[super top up health policy],Health,3
460,[super top up insurance],Health,3
461,[super top up medical insurance],Health,3
462,[super top up mediclaim],Health,3
463,[super top up plans premium chart],Health,3
464,[super top up policy],Health,3
465,[tata aig health checkup],Health,3
466,[the best and cheapest health insurance],Health,3
467,[the best health insurance for pregnancy],Health,3
468,[the children's health insurance program],Health,3
469,[top 5 health insurance policy],Health,3
470,[top best health insurance],Health,3
471,[top cover health insurance],Health,3
472,[top health insurance plans for family],Health,3
473,[top up and super top up],Health,3
474,[top up cover health insurance],Health,3
475,[top up health insurance for senior citizens],Health,3
476,[top up health insurance policy],Health,3
477,[top up health insurance],Health,3
478,[top up health policy],Health,3
479,[top up in health insurance],Health,3
480,[top up in medical insurance],Health,3
481,[top up insurance plans],Health,3
482,[top up insurance policy],Health,3
483,[top up medical insurance plan],Health,3
484,[top up medical insurance],Health,3
485,[top up mediclaim],Health,3
486,[women's health insurance plans],Health,3
487,[www bajaj allianz health insurance],Health,3
488,[yearly health insurance plans],Health,3
489,80d medical insurance,Health,3
490,affordable care health insurance,Health,3
491,affordable health insurance,Health,3
492,affordable health insurance in india,Health,3
493,affordable health plans,Health,3
494,apply for affordable health insurance,Health,3
495,apply health insurance online,Health,3
496,baby health insurance first 30 days,Health,3
497,baby health insurance plans,Health,3
498,best cancer insurance plans,Health,3
499,best cashless health insurance,Health,3
500,best cashless health insurance company in india,Health,3
501,best cashless mediclaim policy for family in india,Health,3
502,best cheap health insurance,Health,3
503,best deal on health insurance,Health,3
504,best family health insurance plans in india,Health,3
505,best family insurance policy,Health,3
506,best family medical insurance,Health,3
507,best health insurance companies in india,Health,3
508,best health insurance company,Health,3
509,best health insurance company in kolkata,Health,3
510,best health insurance for family in india,Health,3
511,best health insurance for my parents,Health,3
512,best health insurance for parents,Health,3
513,best health insurance in chennai,Health,3
514,best health insurance in india for family,Health,3
515,best health insurance in india for parents,Health,3
516,best health insurance in kerala,Health,3
517,best health insurance individual plans,Health,3
518,best health insurance plan with maternity coverage,Health,3
519,best health insurance plans,Health,3
520,best health insurance plans for parents,Health,3
521,best health insurance plans for parents in india,Health,3
522,best health insurance plans in india,Health,3
523,best health insurance policies,Health,3
524,best health insurance policy,Health,3
525,best health insurance policy for family,Health,3
526,best health insurance policy for parents,Health,3
527,best health insurance policy for parents in india,Health,3
528,best health insurance policy in india,Health,3
529,best health insurance providers,Health,3
530,best health insurance to buy,Health,3
531,best health policy,Health,3
532,best health policy for family,Health,3
533,best health policy for parents in india,Health,3
534,best helth insurance,Health,3
535,best insurance plans in india,Health,3
536,best insurance policy for parents,Health,3
537,best maternity plan health insurance,Health,3
538,best medical insurance,Health,3
539,best medical insurance for family,Health,3
540,best medical insurance in india,Health,3
541,best medical policy for family,Health,3
542,best medical policy for parents,Health,3
543,best mediclaim company in india,Health,3
544,best mediclaim plans,Health,3
545,best mediclaim policy for family,Health,3
546,best mediclaim policy for family in india,Health,3
547,best mediclaim policy for parents,Health,3
548,best mediclaim policy in india,Health,3
549,best personal medical insurance plans,Health,3
550,best place to buy health insurance online,Health,3
551,best premium health insurance,Health,3
552,buy best health insurance,Health,3
553,buy health insurance,Health,3
554,buy health insurance for family,Health,3
555,buy health insurance for parents,Health,3
556,buy health insurance for parents in india,Health,3
557,buy health insurance in india,Health,3
558,buy health insurance online coverage starting today,Health,3
559,buy health insurance online now,Health,3
560,buy health insurance policy,Health,3
561,buy health insurance policy online,Health,3
562,buy health policy online,Health,3
563,buy individual health insurance,Health,3
564,buy medical insurance online india,Health,3
565,buy medical insurance plans,Health,3
566,buy medical policy online,Health,3
567,buy mediclaim insurance online,Health,3
568,buy mediclaim policy,Health,3
569,buy mediclaim policy online,Health,3
570,buy online health insurance india,Health,3
571,buy online health insurance policy,Health,3
572,buy online medical insurance,Health,3
573,buy personal health insurance,Health,3
574,buy top up health insurance,Health,3
575,buying cheap health insurance,Health,3
576,cancer cover insurance,Health,3
577,cancer cover policy,Health,3
578,cancer insurance india,Health,3
579,cancer insurance policy,Health,3
580,cancer patient health insurance,Health,3
581,cardiac care health insurance,Health,3
582,cashless health insurance,Health,3
583,cashless health insurance plans,Health,3
584,cashless medical insurance,Health,3
585,cashless medical policy,Health,3
586,cheap health insurance,Health,3
587,cheap health insurance quotes,Health,3
588,cheapest family health insurance,Health,3
589,cheapest health insurance in india,Health,3
590,cheapest medical insurance,Health,3
591,child health insurance india,Health,3
592,child health policy,Health,3
593,child medical insurance,Health,3
594,child only medical insurance,Health,3
595,compare health insurance companies,Health,3
596,compare health insurance online,Health,3
597,compare health insurance plans,Health,3
598,compare health insurance plans online,Health,3
599,comparison health insurance policies india,Health,3
600,comprehensive medical insurance,Health,3
601,critical illness insurance,Health,3
602,family floater health insurance policy,Health,3
603,family floater medical insurance,Health,3
604,family floater mediclaim,Health,3
605,family health insurance,Health,3
606,family health insurance including parents,Health,3
607,family health insurance plans,Health,3
608,family health insurance policy,Health,3
609,family medical insurance quote,Health,3
610,full family health insurance,Health,3
611,general health insurance policy,Health,3
612,get health insurance,Health,3
613,good medical insurance,Health,3
614,health and wellness insurance,Health,3
615,health family floater,Health,3
616,health guard family floater,Health,3
617,health insurance,Health,3
618,health insurance accident,Health,3
619,health insurance and medical insurance,Health,3
620,health insurance best plan india,Health,3
621,health insurance best plans,Health,3
622,health insurance best rates,Health,3
623,health insurance calculator,Health,3
624,health insurance companies,Health,3
625,health insurance companies comparison,Health,3
626,health insurance compare,Health,3
627,health insurance comparison,Health,3
628,health insurance couple,Health,3
629,health insurance cover physiotherapy,Health,3
630,health insurance cover pregnancy india,Health,3
631,health insurance coverage,Health,3
632,health insurance coverage for cancer patients,Health,3
633,health insurance coverage with maternity,Health,3
634,health insurance family,Health,3
635,health insurance fertility coverage,Health,3
636,health insurance for a baby,Health,3
637,health insurance for children,Health,3
638,health insurance for kidney patients,Health,3
639,health insurance for one month,Health,3
640,health insurance for parents,Health,3
641,health insurance for parents above 60,Health,3
642,health insurance for parents above 60 in india,Health,3
643,health insurance for parents in india,Health,3
644,health insurance for senior citizens,Health,3
645,health insurance in india,Health,3
646,health insurance india,Health,3
647,health insurance monthly premium,Health,3
648,health insurance no waiting period,Health,3
649,health insurance on emi,Health,3
650,health insurance on line,Health,3
651,health insurance online,Health,3
652,health insurance online apply,Health,3
653,health insurance plan for child,Health,3
654,health insurance plan for parents,Health,3
655,health insurance plan prices,Health,3
656,health insurance plan quotes,Health,3
657,health insurance plans,Health,3
658,health insurance plans for employees,Health,3
659,health insurance plans for family,Health,3
660,health insurance plans in india,Health,3
661,health insurance plans premium,Health,3
662,health insurance plus,Health,3
663,health insurance policies in india,Health,3
664,health insurance policy,Health,3
665,health insurance policy for maternity,Health,3
666,health insurance policy for parents,Health,3
667,health insurance policy for senior citizens,Health,3
668,health insurance policy plans,Health,3
669,health insurance policy with maternity benefits,Health,3
670,health insurance premiums,Health,3
671,health insurance scheme,Health,3
672,health insurance that covers pregnancy,Health,3
673,health insurance top up plan,Health,3
674,health insurance treatment,Health,3
675,health insurance with maternity cover,Health,3
676,health insurance with opd,Health,3
677,health insurance yearly cost,Health,3
678,health insurence policy,Health,3
679,health plans,Health,3
680,health policies in india,Health,3
681,health policy,Health,3
682,health policy and planning,Health,3
683,health policy for parents,Health,3
684,health policy in india,Health,3
685,health policy online,Health,3
686,health policy premium,Health,3
687,healthy kids insurance,Health,3
688,india best health insurance company,Health,3
689,individual health insurance,Health,3
690,individual health insurances,Health,3
691,infant health insurance,Health,3
692,insurance for pre existing medical conditions,Health,3
693,insurance for pregnancy in india,Health,3
694,insurance for pregnant women,Health,3
695,insurance health plans,Health,3
696,insurance health policy india,Health,3
697,insurance of health,Health,3
698,insurance with medical conditions,Health,3
699,kids health insurance,Health,3
700,low price medical insurance,Health,3
701,lowest health insurance,Health,3
702,maternity coverage insurance,Health,3
703,maternity health insurance plans,Health,3
704,maternity insurance coverage,Health,3
705,maternity insurance plans,Health,3
706,maternity medical insurance,Health,3
707,maternity mediclaim,Health,3
708,maternity mediclaim policy,Health,3
709,medical claim policy,Health,3
710,medical family plan,Health,3
711,medical health insurance,Health,3
712,medical health insurance for senior citizens,Health,3
713,medical health insurance plan,Health,3
714,medical health insurance plans,Health,3
715,medical health insurance plans in india,Health,3
716,medical health insurance policy,Health,3
717,medical insurance,Health,3
718,medical insurance best,Health,3
719,medical insurance check,Health,3
720,medical insurance companies,Health,3
721,medical insurance cover,Health,3
722,medical insurance coverage,Health,3
723,medical insurance for child,Health,3
724,medical insurance for family,Health,3
725,medical insurance india,Health,3
726,medical insurance india for family,Health,3
727,medical insurance kerala,Health,3
728,medical insurance online,Health,3
729,medical insurance online india,Health,3
730,medical insurance plan for family,Health,3
731,medical insurance plans,Health,3
732,medical insurance policy plans,Health,3
733,medical insurance pre existing,Health,3
734,medical policies in india,Health,3
735,medical policy,Health,3
736,medical policy for family,Health,3
737,mediclaim company,Health,3
738,mediclaim for family,Health,3
739,mediclaim for parents,Health,3
740,mediclaim health insurance,Health,3
741,mediclaim in india,Health,3
742,mediclaim insurance,Health,3
743,mediclaim insurance policy,Health,3
744,mediclaim online,Health,3
745,mediclaim plan,Health,3
746,mediclaim plan for family,Health,3
747,mediclaim policy,Health,3
748,mediclaim policy for child,Health,3
749,mediclaim policy for family,Health,3
750,mediclaim policy for family in india,Health,3
751,mediclaim policy in india,Health,3
752,mediclaim policy premium,Health,3
753,mediclaim premium,Health,3
754,mediclaim under 80d,Health,3
755,new born baby medical insurance,Health,3
756,new health policy,Health,3
757,new mediclaim policy,Health,3
758,newborn medical insurance,Health,3
759,online application for health insurance,Health,3
760,online health insurance,Health,3
761,online health insurance for family,Health,3
762,online health insurance plan,Health,3
763,online health insurance policy,Health,3
764,online health policy,Health,3
765,online medical insurance,Health,3
766,personal accident health insurance,Health,3
767,personal health insurance,Health,3
768,personal health insurance india,Health,3
769,personal health insurance policies,Health,3
770,personal health insurance quote,Health,3
771,personal medical insurance,Health,3
772,plans health insurance,Health,3
773,pregnancy insurance,Health,3
774,premium comparison of health insurance,Health,3
775,private health insurance online,Health,3
776,private health insurance price,Health,3
777,senior citizen insurance plan,Health,3
778,single health insurance plans,Health,3
779,the best health insurance,Health,3
780,the best health insurance policy in india,Health,3
781,top 10 health insurance plans in india,Health,3
782,top 5 health insurance companies in india,Health,3
783,top best health insurance,Health,3
784,top cover health insurance,Health,3
785,top health insurance policies in india,Health,3
786,top medical insurance plans,Health,3
787,top up health insurance policy,Health,3
788,types of health insurance,Health,3
789,which is best mediclaim policy for family,Health,3
790,which is the best health insurance,Health,3
791,which is the best health insurance company in india,Health,3
792,yearly health insurance plans,Health,3
0,travel insurance,Travel,4
1,overseas travel insurance,Travel,4
2,visa travel insurance,Travel,4
3,schengen visa insurance,Travel,4
4,visa insurance,Travel,4
5,travel insurance policy,Travel,4
6,travel insured international,Travel,4
7,international travel insurance online,Travel,4
8,buy travel insurance,Travel,4
9,buy travel insurance online,Travel,4
10,[bajaj allianz travel insurance],Travel,4
11,international travel insurance,Travel,4
12,buy international travel insurance,Travel,4
13,vacation travel insurance,Travel,4
14,cheap travel insurance,Travel,4
15,travel insurance companies,Travel,4
16,international business travel insurance,Travel,4
17,best travel insurance,Travel,4
18,[reliance travel insurance],Travel,4
19,best international travel insurance,Travel,4
20,[bajaj travel insurance],Travel,4
21,world trip insurance,Travel,4
22,[allianz travel insurance],Travel,4
23,trip cover insurance,Travel,4
24,"""bajaj insurance travel""",Travel,4
25,international trip insurance,Travel,4
26,[tata aig travel insurance],Travel,4
27,travel insurance cost,Travel,4
28,travel insurance for a year worldwide,Travel,4
29,[bajaj travel health insurance],Travel,4
30,international travel insurance plans,Travel,4
31,"""allianz travel insurance""",Travel,4
32,"""bajaj travel insurance""",Travel,4
33,travel insurance for schengen,Travel,4
34,"""bajaj allianz travel insurance policy""",Travel,4
35,worldwide travel insurance cost,Travel,4
36,business travel insurance,Travel,4
37,world trips travel insurance,Travel,4
38,[bajaj student travel insurance],Travel,4
39,[travel insurance bajaj allianz],Travel,4
40,insure my travel,Travel,4
41,[bajaj international travel insurance],Travel,4
42,[care travel insurance],Travel,4
43,"""bajaj allianz travel insurance""",Travel,4
44,family travel insurance,Travel,4
45,[religare travel insurance],Travel,4
46,"""bajaj allianz travel medical insurance""",Travel,4
47,"""bajaj allianz travel""",Travel,4
48,worldwide holiday insurance,Travel,4
49,[bajaj allianz schengen travel insurance],Travel,4
50,"""travel insurance bajaj allianz""",Travel,4
51,[international travel insurance bajaj allianz],Travel,4
52,[bajaj allianz travel insurance usa],Travel,4
53,[bajaj allianz foreign travel insurance],Travel,4
54,[bajaj allianz travel health insurance],Travel,4
55,[bajaj allianz travel insurance online],Travel,4
56,"""travel insurance bajaj""",Travel,4
57,baggage cover,Travel,4
58,[bajaj allianz student insurance],Travel,4
59,[bajaj allianz travel insurance policy],Travel,4
60,[bajaj allianz travel insurance for schengen visa],Travel,4
61,[bajaj allianz overseas travel insurance],Travel,4
62,[bajaj allianze travel insurance],Travel,4
63,[bajaj allianz travel policy],Travel,4
64,[bajaj travel insurance online],Travel,4
65,[bajaj allianz travel medical insurance],Travel,4
66,worldwide travel insurance for over 65,Travel,4
67,[bajaj allianz health insurance for international students],Travel,4
68,"""bajaj travel health insurance""",Travel,4
69,[bajaj allianz overseas medical insurance],Travel,4
70,"""bajaj student travel insurance""",Travel,4
71,[bajaj allianz travel],Travel,4
72,[allianz health insurance travel],Travel,4
73,travel insurance for long trips abroad,Travel,4
74,[allianz travel insurance india],Travel,4
75,[travel insurance bajaj],Travel,4
76,[bajaj allianz travel insurance rates],Travel,4
77,[bajaj allianz travel elite],Travel,4
78,worldwide multi trip travel insurance,Travel,4
79,[bajaj allianz travel insurance germany],Travel,4
80,[travel insurance allianz],Travel,4
81,[bajaj allianz overseas health insurance],Travel,4
82,[bajaj allianz travel insurance india],Travel,4
83,travel insurance for germany,Travel,4
84,[bajaj allianz travel health insurance for germany],Travel,4
85,[bajaj travel insurance policy],Travel,4
86,"""allianz travel insurance india""",Travel,4
87,my travel insurance,Travel,4
88,"""bajaj allianz schengen travel insurance""",Travel,4
89,"""bajaj allianz student travel insurance""",Travel,4
90,[bajaj insurance travel],Travel,4
91,"""bajaj allianz overseas health insurance""",Travel,4
92,[allianz international travel insurance],Travel,4
93,[icici lombard travel insurance],Travel,4
94,cheap worldwide travel insurance,Travel,4
95,"""bajaj allianz travel insurance usa""",Travel,4
96,[bajaj allianz travel insurance quote],Travel,4
97,"""bajaj allianz overseas travel insurance""",Travel,4
98,"""allianz international travel insurance""",Travel,4
99,"""bajaj allianz travel health insurance for germany""",Travel,4
100,[bajaj allianz travel insurance canada],Travel,4
101,"""bajaj allianz travel elite""",Travel,4
102,[bajaj allianz travel insurance australia],Travel,4
103,"""bajaj allianz travel insurance for schengen visa""",Travel,4
104,"""bajaj allianz travel insurance plan""",Travel,4
105,"""bajaj allianz travel insurance canada""",Travel,4
106,"""allianz health insurance travel""",Travel,4
107,"""bajaj allianz senior citizen travel insurance""",Travel,4
108,"""bajaj allianz travel policy""",Travel,4
109,"""bajaj allianz travel insurance australia""",Travel,4
110,"""international travel insurance bajaj allianz""",Travel,4
111,"""bajaj allianz travel insurance germany""",Travel,4
112,worldwide business travel insurance,Travel,4
113,[bajaj allianz overseas travel insurance online],Travel,4
114,"""buy bajaj allianz travel insurance online""",Travel,4
115,"""allianz travel insurance italy""",Travel,4
116,"""bajaj allianz travel insurance india""",Travel,4
117,"""bajaj travel insurance policy""",Travel,4
118,"""bajaj allianz overseas travel insurance india""",Travel,4
119,"""bajaj allianz travel health insurance""",Travel,4
120,"""bajaj allianz travel insurance rates""",Travel,4
